공개일자	일련번호	감사종류	감사사항
20260615	3324	기관정기	인천국제공항공사 정기감사
20260506	3321	국민제안	양평군의 개발행위허가와 각종 업무 부당처리 관련
20260305	3284	성과	SOC Ⅱ-②,③ 고속국도(설계 및 시공단계) 건설사업관리 실태
20260224	3267	국민제안	대전광역시 관내 국가하천 준설공사 관련
20260203	3262	기관정기	한국무역보험공사 정기감사
20251223	3238	특정사안	농촌지역개발사업 추진실태
20251215	3247	기관정기	한국자산관리공사 정기감사
20251030	3223	특정사안	상하수도분야 국고보조사업 추진실태
20250819	3199	성과	SOC Ⅰ- ③ 일반국도(시공단계) 건설사업관리 실태
20250731	3195	기관정기	한국주택금융공사 기관정기감사
20250721	3187	기관정기	한국가스기술공사 정기감사
20250717	3186	기관정기	중소벤처기업진흥공단 정기감사
20250703	3179	기관정기	한국지역난방공사 정기감사
20250626	3176	기관정기	사립학교교직원연금공단·공무원연금공단 정기감사
20250612	3171	기관정기	한국가스공사 정기감사
20250501	3158	국민제안	평택시 폐기물처리 사업계획 등에 대한 개발행위허가 협의 관련
20250430	3157	성과	주요 국가연구개발사업 추진실태 분석(혁신·도전형 R&D 사례분석 중심)
20250408	3151	국민제안	서울특별시 중구시설관리공단 운영비위 등 관련
20250325	3149	국민제안	방송통신위원회의 불법적 2인 구조 및 공영방송 이사 선임 과정 등에 대한 감사(국회감사요구)
20250220	3137	기관정기	한국철도공사 정기감사
20250211	3127	국민제안	오송역세권지구 도시개발사업 개발계획ㆍ실시계획 변경업무 처리 관련
20250107	3120	기관정기	대한무역투자진흥공사 정기감사
20241119	3109	성과	SOC Ⅳ-2 철도(시공단계) 건설사업관리 실태
20240827	3090	특정사안	공적개발원조 정보화사업 등 추진실태
20240808	3087	국민제안	한국토지주택공사 전관특혜 실태
20240711	3079	국민제안	세종시-조치원 연결도로 확장공사의 설계 위법 등 관련 사항
20240528	3061	국민제안	한국콘텐츠진흥원의 교육용 게임콘텐츠 개발용역 관련 사항(국회감사요구)
20240425	3051	기관정기	한국공항공사 정기감사
20240422	3049	기관정기	한국도로공사 정기감사
20240415	3047	특정사안	지방자치단체 하수처리시설 공사 및 운영실태
20240326	3036	국민제안	소촌농공단지 관리 및 개발계획 변경 특혜 관련
20240305	3032	기관정기	한국관광공사, 그랜드코리아레저 정기감사
20240304	3031	국민제안	한국수자원공사 시화 멀티테크노밸리 내부도로 포장공사 사업자 선정 등 관련 감사제보사항
20240208	3025	기관정기	제주국제자유도시개발센터 정기감사
20240206	3024	특정사안	지방자치단체 참여 부동산개발사업 추진실태
20240201	3020	기타(서면)	한국가스공사 선금 망실·훼손사항 서면감사
20231220	3002	국민제안	바랑산풍력발전 조성사업 개발행위 허가 관련 사항
20231214	2995	국민제안	용산전자상가 공영주차장 개발 계획 관련
20231206	2992	기관정기	해양환경공단 정기감사
20231206	2991	국민제안	정관아쿠아드림파크 건립 공사 등 관련
20231205	2990	기관정기	근로복지공단 정기감사
20231031	2978	기관정기	한국농수산식품유통공사 정기감사
20231010	2973	성과	한국철도공사 동력차 승무원 인력 운용 실태분석
20230926	2968	기관정기	교육부 및 한국교육개발원 정기감사
20230912	2958	성과	공적개발원조(ODA) 사업 추진실태
20230501	2896	국민제안	한국방송공사의 위법·부당 행위 관련(국민감사청구)
20230425	2894	국민제안	경원선 녹천~창동역 구간 방음벽 교체공사 시행 관련
20221201	2856	국민제안	해남군 태양광발전소 개발행위 등 인허가 관련 감사청구
20221124	2854	성과	건설공사현장 안전관리실태(민간 건축공사를 중심으로)
20221115	2846	기관정기	한국보훈복지의료공단 정기감사
20221102	2840	기관정기	한국수자원공사 정기감사
20220921	2824	국민제안	ㄱ경기장 건립공사 법정부담금의 계약업체 부당 전가 관련
20220906	2814	기관정기	아동권리보장원과 한국자활복지개발원에 대한 감사
20220811	2804	국민제안	부산ㆍ진해경제자유구역 웅동1지구 개발사업 관련
20220726	2789	특정사안	국토개발정보 관리 및 농지법 위반 감독실태
20220722	2788	국민제안	성남시의 백현동(한국식품연구원 부지) 개발 특혜의혹 관련
20220711	2785	기타(서면)	한국가스공사  LNG수송운임 망실·훼손사항 서면감사
20220628	2773	국민제안	경부고속도로 직선화 공사 지연 관련
20220615	2760	국민제안	대구광역시 주민참여예산제 관련 대구시설공단의 부당 관여 여부
20220518	2731	국민제안	서대구역사 건설공사 위법행위 관련 감사청구
20220511	2727	국민제안	한국농어촌공사 등 4개 공공기관의 기부금 집행 관련
20220504	2721	특정사안	ㄱ 단독주택단지 도시개발사업 인허가 관련 감사제보 감사
20220406	2705	국민제안	범부처전주기신약개발사업의 해외 기술이전 기술료 징수 실태
20220329	2770	기관정기	한국수출입은행·한국무역보험공사 정기감사
20220222	2688	국민제안	의정부시 도시개발시행사 선정 특혜의혹 관련
20220210	2683	기관정기	한국노인인력개발원에 대한 감사
20220209	2682	국민제안	부산항(북항) 환승센터 개발사업 추진 관련
20211208	2668	특정사안	한국조폐공사 계약관리실태
20211124	2664	성과	건설공사 특정공법 심의제도 운영실태
20211116	2784	기관정기	국가철도공단 정기감사
20211104	2652	기관정기	서울올림픽기념국민체육진흥공단 정기감사
20210924	2641	기관정기	한국방송공사 정기감사
20210902	2717	특정사안	개발사업분야 등 취득세 과세실태
20210713	2606	특정사안	지방산업단지 개발사업 추진실태
20210623	2596	기관정기	한국철도공사 기관정기감사
20210617	2594	성과	지방자치단체 시내버스 준공영제 운영실태
20210608	2587	특정사안	대구·경북 재개발·재건축 정비사업 용적률 및 국·공유재산 관리실태
20210422	2569	기관정기	서울주택도시공사 정기감사
20210421	2568	국민제안	ㄱ지구 ㄴ단지 개발사업 실시계획 변경업무 처리 관련
20210325	2558	성과	지방공기업 경영평가 운영 실태
20210209	2541	특정사안	차세대 이산화탄소 분리막 상용기술개발비 관련 비리점검
20201228	2529	국민제안	ㄱ도로건설공사에 대한 공익감사청구
20201222	2527	기관정기	한국국토정보공사 기관정기감사
20201221	2526	기관정기	안산도시공사에 대한 감사
20201210	2524	기관정기	주택도시보증공사 기관정기감사
20201203	2518	특정사안	노면표시 설치공사 관련 비리 점검(민생분야)
20201201	2517	기관정기	인천도시공사 기관정기감사
20201112	2659	기관정기	한국보건산업진흥원 및 한국건강증진개발원 기관정기감사
20201111	2508	기관정기	경상북도개발공사·경상북도문화관광공사에 대한 감사
20201013	2504	기관정기	한국산업안전보건공단 정기감사
20201008	2503	기관정기	경기관광공사 · 한국도자재단에 대한 감사
20200923	2499	특정사안	의왕·하남도시공사 개발사업 추진실태
20200903	2495	기관정기	한국전력공사 기관운영감사
20200731	2485	기관정기	인천국제공항공사 기관운영감사
20200730	2484	국민제안	천리안 위성 개발사업 추진실태
20200730	2483	국민제안	수치예보모델 개발사업 추진실태
20200701	2467	기관정기	대한법률구조공단 등 2개 기관 정기감사
20200622	2465	특정사안	한국건설관리공사 임원의 직권남용 등 관련
20200616	2589	특정사안	인천광역시 시내버스 준공영제 운용실태
20200507	2450	성과	국가연구개발사업 연구수행규제 개선실태
20200424	2464	특정사안	경상남도창원교육지원청 옥상방수공사 관련 감사제보사항
20200401	2440	특정사안	포항 지열발전 기술개발사업 추진실태
20200128	2417	특정사안	ㄱ도시개발사업 오염토양반출 적정통보의 관계 법령 위반 여부(공익감사청구)
