No,AC_YEAR,ENT_NAME,T_GI,T_PAY_ETC,T_JESU,T_OVERTIME_PAY,T_SU,T_EVALUATION,T_SANG,T_PAY_SUM,T_STAFF,T_WYEAR_WMONTH,T_ONE_AVE_PAY,T_AVGPAY_M,T_AVGPAY_W
1,2020,경기교통공사,0,0,0,0,0,0,0,0,0,0년 0개월,0,0,0
2,2020,원주시시설관리공단,7366452,1515168,1222927,1492475,0,0,0,11597022,239,0년 6개월,48523,49401,30877
3,2020,김포도시공사,3838587,893292,664983,812147,779479,142055,0,7130543,378,0년 97개월,18864,20780,13544
4,2020,파주도시공사,6029711,1252557,1286724,916016,431005,538756,0,10454769,213,0년 120개월,49083,51712,39540
5,2020,영천시시설관리공단,158745,34403,28409,2971,0,0,0,224528,10,0년 6개월,22453,23878,16752
6,2020,과천도시공사,6718824,1483394,973690,774295,849846,622444,0,11422493,213,0년 102개월,53627,58061,43962
7,2020,울산광역시북구시설관리공단,1266242,240714,236755,258738,0,0,0,2002449,49,0년 13개월,40866,41609,37053
8,2020,포천도시공사,3202667,569826,563170,238722,216620,237746,0,5028751,111,0년 89개월,45304,47898,38607
9,2020,안양도시공사,7013788,1445120,1478219,1655561,660770,574585,0,12828043,264,0년 114개월,48591,49984,42909
10,2020,세종도시교통공사,12543477,631468,2249916,3097074,2079907,0,0,20601842,427,0년 26개월,48248,48190,41534
11,2020,사천시시설관리공단,2814646,114553,115595,409185,26125,55270,0,3535374,99,0년 19개월,35711,41657,28611
12,2020,경주시시설관리공단,991383,221237,319516,304928,36496,91312,0,1964872,53,0년 28개월,37073,41072,27967
13,2020,인천광역시연수구시설안전관리공단,4339946,664084,337529,747159,283045,286316,0,6658079,179,0년 25개월,37196,40031,32675
14,2020,서울교통공사,641727308,28917825,308786022,56320388,103190350,72922058,27129,1211891080,16822.849999999999,0년 211개월,72038,73679,58193
15,2020,서울에너지공사,9754001,806901,5354281,1142828,887763,1056860,0,19002634,263,0년 0개월,72253,77047,53852
16,2020,충주시시설관리공단,5015766,119696,458207,804217,650143,0,0,7048029,219,0년 31개월,32183,32269,27398
17,2020,세종특별자치시시설관리공단,4808795,912581,768403,1271290,429489,411401,0,8601959,175,0년 32개월,49154,50613,43518
18,2020,밀양시시설관리공단,2583436,282436,447644,318163,143617,162500,0,3937796,82,0년 39개월,48022,49366,42475
19,2020,인천관광공사,5270368,55877,196249,730370,789271,417037,0,7459172,103,0년 47개월,72419,85158,60216
20,2020,광명도시공사,6513527,768809,232423,720370,304074,279221,0,8818424,248,0년 31개월,35558,38909,31212
21,2020,아산시시설관리공단,4871171,1060021,790365,806936,907038,473244,0,8908775,211,0년 38개월,42222,45075,33834
22,2020,장수한우지방공사,570595,117014,134114,0,27196,54393,0,903312,18,0년 73개월,50184,51180,42215
23,2020,광주광역시광산구시설관리공단,5176846,980407,2286185,1738140,42465,53020,12000,10289063,201,0년 0개월,51189,52331,29377
24,2020,대구광역시달성군시설관리공단,4652807,992237,856575,582030,433239,424418,0,7941306,203,0년 53개월,39120,38559,32019
25,2020,김해시도시개발공사,8852485,1522529,1362931,1027231,614355,762079,0,14141610,282,0년 106개월,50148,51951,41975
26,2020,성남도시개발공사,23858710,4709978,5813732,5216556,3176826,2444958,0,45220760,885,0년 108개월,51097,52824,46987
27,2020,부여군시설관리공단,1827866,370090,160538,81432,254843,0,0,2694769,62,0년 63개월,43464,47832,37416
28,2020,울산광역시중구도시관리공단,796289,152185,82010,173776,39493,76675,0,1320428,29,0년 42개월,45532,43636,31569
29,2020,이천시시설관리공단,1482407,242767,149342,212703,173750,129405,0,2390374,58,0년 0개월,41213,39032,37649
30,2020,부산관광공사,5570908,228641,250138,492318,319945,391254,0,7253204,147,0년 74개월,49342,46300,42105
31,2020,구리도시공사,1940999,0,171259,296750,133892,133892,0,2676792,56,0년 35개월,47800,62891,34018
32,2020,경상북도문화관광공사,8629384,141403,291298,730470,565038,624178,0,10981771,188,0년 171개월,58414,65412,44176
33,2020,제주에너지공사,1945616,37921,81173,42139,114334,132634,0,2353817,51.909999999999997,0년 58개월,45344,47317,36850
34,2020,거제해양관광개발공사,7088970,1198913,581449,1221061,938063,632206,0,11660662,221,0년 108개월,52763,56212,47027
35,2020,대전관광공사,6634949,566498,806210,927189,667645,359839,0,9962330,197,0년 114개월,50570,52084,40911
36,2020,천안시시설관리공단(폐지),6826331,1304985,2413790,1317924,1158054,611222,0,13632306,304,0년 48개월,44843,47389,39725
37,2020,여주도시관리공단(폐지),2987777,722109,670320,226637,266094,173086,0,5046023,128,0년 53개월,39422,41531,32527
38,2020,영월군시설관리공단,1702666,248808,488147,226143,69062,135532,0,2870358,67,0년 51개월,42841,44911,37976
39,2020,의왕도시공사,6064639,859063,240251,1014791,378325,478342,0,9035411,204,0년 69개월,44291,47340,38054
40,2020,고양도시관리공사,11142308,2533557,3331607,3231393,2224240,1204522,0,23667627,426,0년 94개월,55558,59211,43328
41,2020,포항시시설관리공단,6005331,1025202,1038499,1107872,355989,466572,0,9999465,255,0년 54개월,39214,44560,31215
42,2020,춘천도시공사,6279604,1291023,1996146,1375801,1278340,0,0,12220914,291,0년 91개월,41996,41919,42065
43,2020,강릉관광개발공사,2272993,379238,171814,340555,163481,0,0,3328081,91,0년 49개월,36572,40189,31960
44,2020,보령시시설관리공단,2973703,96182,1248456,455783,323109,359010,0,5456243,98,0년 80개월,55676,59208,38843
45,2020,당진도시공사,277920,32666,18001,0,0,0,0,328587,9,0년 86개월,36510,35919,41234
46,2020,인천광역시제물포구시설관리공단,3415237,600497,562499,289323,739814,0,0,5607370,147,0년 0개월,38145,39047,37230
47,2020,여수시도시관리공단,8247377,1784372,5928359,4258274,0,0,0,20218382,363,0년 68개월,55698,55406,35420
48,2020,양산시시설관리공단,4773062,811632,459320,392503,477847,25906,0,6940270,185,0년 70개월,37515,40714,28635
49,2020,단양관광관리공단(폐지),1486124,201809,372936,314971,186878,0,0,2562718,51,0년 95개월,50249,55918,34644
50,2020,부산광역시기장군도시관리공단,4528653,758248,253704,367389,471890,471890,0,6851774,158,0년 73개월,43366,48840,38206
51,2020,함안지방공사,2916994,765060,205914,340019,234406,183341,0,4645734,107,0년 86개월,43418,44870,36900
52,2020,안산도시공사,15803291,43872,596369,2035141,1120057,1156761,0,20755491,511,0년 0개월,40617,44593,35316
53,2020,제주관광공사,5252387,0,233076,75854,151766,450933,0,6164016,139.08000000000001,0년 94개월,44320,48602,38742
54,2020,울주군시설관리공단,4191453,1305750,926822,669867,0,462169,0,7556061,183,0년 74개월,41290,47205,36485
55,2020,양평공사,6007487,300174,268244,749537,143438,487471,0,7956351,201,0년 0개월,39584,41242,33667
56,2020,평택도시공사,4873885,688130,522915,939585,430869,0,0,7455384,182,0년 42개월,40964,45042,31544
57,2020,강화군시설관리공단,3355044,751203,461297,131804,200198,0,0,4899546,128,0년 69개월,38278,41600,31932
58,2020,군포도시공사,5853090,1093269,1647168,1206248,947990,592558,0,11340323,254,0년 67개월,44647,49169,37393
59,2020,전주시시설관리공단,8068048,1769330,1290617,1922381,1181911,748579,0,14980866,324.25,0년 6개월,46202,45347,39258
60,2020,화성도시공사,9471891,2675759,970023,1629606,549084,609138,0,15905501,409,0년 61개월,38889,46828,34234
61,2020,울산광역시남구도시관리공단,3062110,628022,659130,599032,245729,0,0,5194023,121,0년 72개월,42926,45949,37659
62,2020,노원구시설관리공단,5826477,639353,275863,513576,445115,0,0,7700384,203,0년 81개월,37933,41326,34150
63,2020,남양주도시공사,6946415,2361179,2704104,1065827,1575271,0,0,14652796,306,0년 83개월,47885,51566,42623
64,2020,중구시설관리공단,5927603,1448152,851818,976986,905453,452727,0,10562739,246,0년 67개월,42938,46182,36792
65,2020,양주시시설관리공단(폐지),5264963,973852,1498828,471710,991038,515142,0,9715533,218,0년 79개월,44567,46844,38118
66,2020,통영관광개발공사,2842778,427635,450151,262523,231281,0,0,4214368,107,0년 66개월,39387,42731,34328
67,2020,영양고추유통공사,1061991,111026,262171,160303,77619,75290,0,1748400,32,0년 120개월,54638,62797,36480
68,2020,울산광역시도시공사,2964997,24107,88823,281603,276070,205437,0,3841037,68,0년 82개월,56486,62837,40105
69,2020,문경관광진흥공단(폐지),1611350,277771,524058,149641,101985,74416,0,2739221,69,0년 109개월,39699,41682,35461
70,2020,관악구시설관리공단,3424720,589867,213400,667500,333408,260871,0,5489766,135,0년 82개월,40665,41761,38543
71,2020,안동시시설관리공단,4248361,663248,2266497,1087548,626481,489179,0,9381314,182,0년 83개월,51546,52595,42643
72,2020,인천환경공단,26257286,194261,766787,3055530,1885385,1518839,0,33678088,544,0년 95개월,61908,66700,40887
73,2020,은평구시설관리공단,2943313,524052,664457,338168,181179,0,0,4651169,137.5,0년 74개월,33827,35476,30955
74,2020,충청남도개발공사,3149567,85207,234726,379820,199386,222444,0,4271150,86,0년 85개월,49665,53424,33216
75,2020,창원레포츠파크,6270138,940259,1306310,669992,251198,379135,0,9817032,270,0년 165개월,36359,51775,20232
76,2020,부산지방공단스포원(부산시설공단 통합),2481693,625245,4126733,156451,0,401281,0,7791403,257,0년 133개월,30317,43732,17411
77,2020,광주환경공단,8753552,1914834,3409336,1322950,835330,1006362,0,17242364,282,0년 145개월,61143,63128,48392
78,2020,대구공공시설관리공단,21773608,1267238,1603685,2174288,1792107,1792099,0,30403025,496,0년 127개월,61296,63793,47095
79,2020,부산환경공단,26444146,5194631,3187355,3160359,4624939,2414892,0,45026322,714,0년 113개월,63062,64427,51951
80,2020,창원시설공단,20127782,4691350,2609493,3377890,4258359,0,0,35064874,741,0년 109개월,47321,49568,52898
81,2020,구미시설공단(폐지),7798211,1843514,2707893,1822633,1499553,806354,0,16478158,292,0년 124개월,56432,58817,47263
82,2020,청주시시설관리공단,8371304,2321896,425883,1389864,614460,694731,0,13818138,325,0년 66개월,42517,44733,37334
83,2020,정선군시설관리공단,3246302,433700,870129,280794,413574,0,0,5244499,127,0년 97개월,41295,43638,34335
84,2020,동해시시설관리공단,3354160,494784,296017,197757,927806,0,0,5270524,125,0년 105개월,42164,51330,34480
85,2020,속초시시설관리공단,5306146,1382042,2622417,1464078,57606,144748,0,10977037,221,0년 87개월,49670,50936,43713
86,2020,연천군시설관리공단,2874654,717299,1206291,101426,191898,244235,0,5335803,130,0년 64개월,41045,45571,34253
87,2020,가평군시설관리공단,4011157,304804,227600,331115,309522,231326,0,5415524,140,0년 73개월,38682,40548,33178
88,2020,의정부시시설관리공단(폐지),11068162,1875183,1093630,2055383,810274,400318,0,17302950,366,0년 106개월,47276,48969,39664
89,2020,오산시시설관리공단(폐지),4046024,672461,411986,447401,867689,0,0,6445561,160,0년 0개월,40285,42024,37102
90,2020,안성시시설관리공단,6879879,2613940,1237106,1026482,238515,786353,0,12782275,255,0년 117개월,50127,52475,37115
91,2020,시흥도시공사,7651880,1832301,1212541,1395471,720958,722434,0,13535585,314,0년 70개월,43107,45009,38848
92,2020,부천도시공사,11409201,2560404,2266510,2024474,2324853,1146383,8400,21740225,423,0년 124개월,51395,51052,47809
93,2020,수원도시공사,18053720,3121635,3682436,4731748,1243371,1554213,0,32387123,720,0년 118개월,44982,48414,39119
94,2020,울산시설공단,13304080,1994189,1150221,2002713,1422396,1109518,0,20983117,414,0년 124개월,50684,55954,40142
95,2020,대전광역시시설관리공단,16554680,2505972,2098542,2618918,2004168,1445983,0,27228263,526,0년 113개월,51765,55486,40307
96,2020,인천광역시서구시설관리공단,12151245,1589695,905737,1280837,1694949,419223,0,18041686,430,0년 87개월,41957,43929,39871
97,2020,인천광역시계양구시설관리공단,2280235,394468,248847,158138,274465,0,0,3356153,75,0년 90개월,44749,48920,37332
98,2020,인천광역시부평구시설관리공단,5848713,810144,1445277,1246196,512835,573654,0,10436819,238,0년 84개월,43852,46222,39342
99,2020,남동구도시관리공단,4496839,1073738,326719,730721,358369,447473,0,7433859,173.66999999999999,0년 105개월,42805,48723,35093
100,2020,인천광역시미추홀구시설관리공단,5022958,902907,979171,218526,619410,364623,0,8107595,211,0년 93개월,38425,42075,33700
101,2020,인천시설공단,37051519,158022,1965296,4415473,2469702,2835315,0,48895327,1067,0년 75개월,45825,51837,40836
102,2020,대구시설공단(대구공공시설관리공단 통합),24420921,1090082,1713165,4010890,1878583,1863769,0,34977410,761,0년 98개월,45962,47074,41503
103,2020,부산시설공단,33788103,1537454,5528357,2915832,1831424,2180346,0,47781516,1009,0년 103개월,47355,51427,39013
104,2020,중랑구시설관리공단,5306210,749991,306573,765074,1029533,0,0,8157381,191,0년 90개월,42709,44175,40954
105,2020,종로구시설관리공단,2400434,450618,173065,365290,144486,129457,0,3663350,87,0년 133개월,42107,44864,36592
106,2020,용산구시설관리공단,5254823,1291949,1679852,1028112,466622,424161,0,10145519,252,0년 81개월,40260,41872,37358
107,2020,영등포구시설관리공단,5426132,283781,830586,2165278,700904,0,0,9406681,271,0년 107개월,34711,37636,32034
108,2020,양천구시설관리공단,4306705,241824,326317,825493,546941,220947,0,6468227,146,0년 123개월,44303,46781,40079
109,2020,송파구시설관리공단,5229515,708479,222461,976319,389397,389397,0,7915568,167,0년 111개월,47399,51332,43320
110,2020,성북구도시관리공단,6900250,1176173,316592,590404,456321,443461,0,9883201,253,0년 18개월,39064,40769,34303
111,2020,성동구도시관리공단,5850207,372543,456873,493271,719460,466321,0,8358675,224,0년 87개월,37316,40371,33010
112,2020,서대문구도시관리공단,3660392,279981,556240,411647,568286,0,0,5476546,140,0년 89개월,39118,43454,34393
113,2020,마포구시설관리공단,5910862,392321,774972,887296,479361,200397,0,8645209,237,0년 86개월,36478,37653,33156
114,2020,동작구시설관리공단,3963857,245131,499705,346440,419397,312899,0,5787429,130,0년 95개월,44519,46708,37529
115,2020,동대문구시설관리공단,5492755,304518,196186,785807,434492,196273,0,7410031,190,0년 94개월,39000,41468,35643
116,2020,도봉구시설관리공단,4126491,1216809,304725,1005912,531972,354648,0,7540557,170,0년 103개월,44356,47584,38708
117,2020,금천구시설관리공단,3170057,51000,170627,450415,468632,234316,0,4545047,111,0년 109개월,40946,41475,37661
118,2020,구로구시설관리공단,2737219,508499,270826,260864,376866,0,0,4154274,100,0년 110개월,41543,41191,32968
119,2020,광진구시설관리공단,6511373,397730,257097,1108961,433020,269247,0,8977428,223,0년 89개월,40258,42541,36404
120,2020,강서구시설관리공단,4778249,1750162,351150,335635,353703,206689,0,7775588,182,0년 134개월,42723,45765,37852
121,2020,강북구도시관리공단,6961208,700980,304923,128379,1079978,467912,0,9643380,213,0년 125개월,45274,47184,42452
122,2020,강동구도시관리공단,4409721,12400,800916,507899,596272,0,0,6327208,168,0년 78개월,37662,39633,34547
123,2020,강남구도시관리공단,8452878,383218,588959,1948939,1141031,0,0,12515025,305.06999999999999,0년 79개월,41023,43386,36384
124,2020,서울시설공단,124872938,23399833,13098213,0,17773019,9173752,14467,188332222,3657,0년 105개월,51499,52962,46445
125,2020,창녕군시설관리공단,3447744,814289,342174,540876,259745,319938,0,5724766,127,0년 74개월,45077,47197,36422
126,2020,청도공영사업공사,701892,140750,114783,168073,36011,72021,0,1233530,22,0년 122개월,56070,56078,0
127,2020,하남도시공사,4590597,75922,133454,78945,326794,326794,109970,5642476,110,0년 125개월,51295,54314,39874
128,2020,용인도시공사,12613140,1309717,2126690,1907428,1580189,1214209,0,20751373,410,0년 101개월,50613,52819,42491
129,2020,경기평택항만공사,1424831,48066,81393,106497,82532,56936,0,1800255,38,0년 49개월,47375,46560,47294
130,2020,광주도시관리공사,11444733,57151,853347,198366,1349313,967280,0,14870190,320,0년 115개월,46469,48828,39759
131,2020,경기관광공사,4208339,120279,247844,482457,377931,289839,0,5726689,104,0년 108개월,55064,60439,46463
132,2020,구리농수산물공사,2806280,406217,188613,215852,448110,0,0,4065072,63,0년 188개월,64525,64865,63434
133,2020,광주광역시 관광공사,2891279,137045,625069,399345,224792,138978,0,4416508,111,0년 90개월,39788,42064,35035
134,2020,서울특별시농수산식품공사,17843803,707188,1166175,210088,2050493,1444009,0,23421756,354.42000000000002,0년 163개월,66085,70340,50519
135,2020,제주특별자치도개발공사,31424806,212636,1871004,4006654,2983053,2057480,0,42555633,799,0년 85개월,53261,54977,45705
136,2020,경남개발공사,4737776,296593,537789,479158,0,569450,113056,6733822,122,0년 120개월,55195,65281,34518
137,2020,경상북도개발공사,5977251,387172,327640,227558,0,468161,0,7387782,111,0년 123개월,66557,69780,48728
138,2020,전남개발공사,5060828,974026,799632,562289,943880,475815,0,8816470,132,0년 107개월,66791,69210,53244
139,2020,전북개발공사,3180668,331014,217218,196397,90795,260805,0,4276897,77,0년 112개월,55544,57414,46745
140,2020,충북개발공사,3304445,40455,196664,341379,306778,270724,0,4460445,82,0년 108개월,54396,59478,33702
141,2020,강원개발공사,5077911,99300,203116,71398,190749,378184,0,6020658,109,0년 113개월,55235,57040,46109
142,2020,경기주택도시공사,30430494,602562,1071164,773556,2140083,2244517,0,37262376,625,0년 116개월,59620,64852,41492
143,2020,대전도시공사,29192106,4427436,6948135,8331510,1582621,1093457,0,51575265,941,0년 136개월,54809,56225,40451
144,2020,광주광역시도시공사,13669539,153800,1662401,932946,2159777,630506,0,19208969,282,0년 176개월,68117,71002,58856
145,2020,인천도시공사,19289310,204180,1085846,2340783,2577390,1342562,0,26840071,388,0년 122개월,69175,75083,50696
146,2020,대구도시개발공사,10173016,770174,996903,539145,425587,760234,0,13665059,214,0년 164개월,63855,69753,45005
147,2020,부산도시공사,12214543,1248565,600073,826408,1474997,952873,0,17317459,269,0년 139개월,64377,67068,54594
148,2020,서울주택도시개발공사,59955510,879221,7006783,2761900,4364100,4728286,0,79695800,1346,0년 141개월,59209,64439,49651
149,2020,대전교통공사,27203152,4439824,9808254,1907918,3446973,2455291,0,49261412,849,0년 120개월,58023,63181,33588
150,2020,광주교통공사,27137751,2640726,11045948,1755265,3573243,2141036,0,48293969,903,0년 129개월,53482,58387,36230
151,2020,인천교통공사,94539255,7772200,8880493,9806131,5416530,6548207,2900,132965716,2377,0년 104개월,55938,59458,41540
152,2020,대구교통공사,116033985,6196184,38481816,6750400,14978524,10089566,13500,192543975,2988,0년 163개월,64439,65700,49647
153,2020,부산교통공사,153589359,42373237,65985649,29944222,13838318,17267322,20000,323018107,4368,0년 171개월,73951,75767,56542
1,2021,양주도시공사,5605261,1001020,1540270,833984,1108620,554310,0,10643465,230,0년 72개월,46276,39220,31972
2,2021,단양관광공사,1536736,221694,350960,220855,283190,0,0,2613435,49.670000000000002,0년 107개월,52616,56903,39877
3,2021,전남광주통합특별시 서구시설관리공단,153004,26116,5968,29816,0,0,0,214904,8,0년 3개월,26863,32538,26664
4,2021,전남광주통합특별시북구시설관리공단,552798,0,169885,55231,0,0,0,777914,25,0년 1개월,31117,31941,30226
5,2021,김천시시설관리공단,698253,121142,202314,166230,0,0,0,1187939,28,0년 7개월,42426,44489,38073
6,2021,평창군시설관리공단,382621,16741,134710,23179,0,42313,0,599564,18,0년 70개월,33309,35964,21345
7,2021,서울물재생시설공단,14102096,389057,1302540,1324029,0,0,0,17117722,332.57999999999998,0년 11개월,51469,52060,42917
8,2021,경기교통공사,1103688,43345,46361,178489,0,0,0,1371883,46,0년 7개월,29824,33937,22385
9,2021,원주시시설관리공단,7814323,1599588,1227541,1381528,0,370687,0,12393667,241.83000000000001,0년 14개월,51250,52292,36026
10,2021,김포도시공사,11750377,2609824,1590927,2505795,979212,1033082,0,20469217,396,0년 99개월,51690,56438,43291
11,2021,파주도시공사,6201371,1273853,1041124,938111,507711,557145,0,10519315,212.66999999999999,0년 0개월,49463,51336,41735
12,2021,영천시시설관리공단,252121,56268,50295,6567,0,0,0,365251,9,0년 18개월,40583,43334,31000
13,2021,과천도시공사,7201621,1348090,1069149,1140747,588010,653890,0,12001507,222.28,0년 105개월,53993,58103,44702
14,2021,울산광역시북구시설관리공단,821582,199684,151284,214626,86118,0,0,1473294,32.5,0년 20개월,45332,45791,42771
15,2021,포천도시공사,3300387,664804,600243,193760,372161,277710,0,5409065,113.5,0년 97개월,47657,51848,42293
16,2021,안양도시공사,7810051,1619373,1864139,2008600,1100104,637487,0,15039754,301.86000000000001,0년 112개월,49824,50957,45257
17,2021,세종도시교통공사,13009277,513154,1978248,3053110,1789615,0,0,20343404,452,0년 35개월,45008,45560,37577
18,2021,사천시시설관리공단,3134417,512065,346845,440631,111199,124727,0,4669884,106,0년 25개월,44056,42948,32312
19,2021,경주시시설관리공단,1083442,274456,119864,303691,108079,121651,0,2011183,50.25,0년 40개월,40024,48166,35479
20,2021,인천광역시연수구시설안전관리공단,4715468,736086,480126,901242,391424,406658,0,7631004,185,0년 35개월,41249,43640,36628
21,2021,서울교통공사,634977633,26169023,306508443,55771103,73479724,68874669,0,1165780595,16575,0년 216개월,70334,72024,57015
22,2021,서울에너지공사,9941122,775630,5266785,1191259,1449554,1020033,0,19644383,265,0년 0개월,74130,78209,60193
23,2021,충주시시설관리공단,5515483,117566,393231,956466,755834,0,0,7738580,215,0년 42개월,35993,36961,30359
24,2021,세종특별자치시시설관리공단,6296621,1235794,1105170,1428164,449128,447735,0,10962612,237,0년 34개월,46256,47633,40210
25,2021,밀양시시설관리공단,2652444,260362,433184,332292,165776,184196,0,4028254,89,0년 51개월,45261,42836,35862
26,2021,인천관광공사,5618492,59446,195069,800884,804695,423400,0,7901986,114.91,0년 57개월,68767,80012,58130
27,2021,광명도시공사,6671065,847291,251572,912091,303080,423574,0,9408673,252,0년 41개월,37336,41081,32727
28,2021,아산시시설관리공단,6554605,892924,1692177,980306,486376,481247,0,11087635,286,0년 40개월,38768,41332,32999
29,2021,장수한우지방공사,606155,120875,109747,0,0,60540,0,897317,18,0년 85개월,49851,50705,43015
30,2021,광주광역시광산구시설관리공단,5628025,1617342,1945589,1893713,47750,59688,26693,11218800,225,0년 50개월,49861,50875,30133
31,2021,대구광역시달성군시설관리공단,4725536,984414,891829,683117,447457,441272,0,8173625,203.08000000000001,0년 64개월,40248,42954,35440
32,2021,김해시도시개발공사,8325805,1525385,1483911,825779,566517,710242,0,13437639,257,0년 158개월,52287,54308,43914
33,2021,성남도시개발공사,25569143,5055777,6124856,5565763,4611274,2600576,0,49527389,928,0년 108개월,53370,54977,49630
34,2021,부여군시설관리공단,1942269,379165,175710,75446,259293,0,0,2831883,65,0년 66개월,43567,47264,38022
35,2021,울산광역시중구도시관리공단,778229,142266,82374,163733,58010,79149,0,1303761,29,0년 45개월,44957,45996,41041
36,2021,이천시시설관리공단,1690125,279898,147117,204340,144810,144810,0,2611100,62.299999999999997,0년 54개월,41912,42087,41150
37,2021,부산관광공사,4510161,166667,848761,208108,628904,428296,0,6790897,136,0년 80개월,49933,51893,47200
38,2021,구리도시공사,2325902,0,187047,315340,160986,160986,0,3150261,59,0년 46개월,53394,60044,36961
39,2021,경상북도문화관광공사,8777094,145877,315831,727449,1029661,738623,0,11734535,194,0년 168개월,60487,66712,46914
40,2021,제주에너지공사,1970674,43641,76558,43755,126571,157640,0,2418839,53.840000000000003,0년 52개월,44926,46491,37776
41,2021,거제해양관광개발공사,7013146,1201890,621445,1022095,951085,645415,0,11455076,213.5,0년 115개월,53654,56939,48145
42,2021,대전관광공사,6785705,594509,577616,972736,360449,347263,0,9638278,211,0년 110개월,45679,49220,39867
43,2021,천안시시설관리공단(폐지),8444045,1554942,1539647,1638461,1648168,0,0,14825263,327,0년 52개월,45337,47757,40495
44,2021,여주도시관리공단(폐지),3444929,803296,541210,206907,244897,158755,0,5399994,142,0년 61개월,38028,39908,31817
45,2021,영월군시설관리공단,1890026,315769,557425,312869,191915,188492,0,3456496,73.670000000000002,0년 54개월,46919,48592,42685
46,2021,의왕도시공사,6288427,875303,242815,1271065,378111,467230,0,9522951,225,0년 68개월,42324,44464,37957
47,2021,고양도시관리공사,11744584,2638336,3442916,3481673,2399765,1311785,0,25019059,427.81,0년 97개월,58482,61729,47243
48,2021,포항시시설관리공단,6171419,1081430,1133387,1192863,355118,466734,0,10400951,252,0년 60개월,41274,46058,34235
49,2021,춘천도시공사,8968020,2102471,1790339,2502063,1803970,0,0,17166863,347,0년 0개월,49472,39084,37445
50,2021,강릉관광개발공사,2393750,381216,204136,458741,247307,0,0,3685150,94,0년 48개월,39204,43408,34425
51,2021,보령시시설관리공단,2975036,671250,691400,761230,236896,266927,0,5602739,96.400000000000006,0년 0개월,58120,61118,41693
52,2021,당진도시공사,295931,33240,17500,0,12973,0,0,359644,9,0년 112개월,39960,39255,45598
53,2021,인천광역시제물포구시설관리공단,3627960,635371,972232,413841,875089,0,0,6524493,170,0년 67개월,38379,37983,38846
54,2021,여수시도시관리공단,7694890,1573620,5074093,4563994,419003,0,0,19325600,364,0년 182개월,53092,56166,36783
55,2021,양산시시설관리공단,5254708,921546,484957,501872,565571,32265,0,7760919,196.66999999999999,0년 72개월,39462,43394,29922
56,2021,부산광역시기장군도시관리공단,4610465,773271,233168,419385,501160,501160,0,7038609,156,0년 84개월,45119,51282,38288
57,2021,함안지방공사,3130525,755241,210248,383217,276934,138466,0,4894631,111,0년 89개월,44096,45401,38499
58,2021,안산도시공사,15694123,49103,563245,1990761,1788153,1192102,0,21277487,501.08999999999998,0년 87개월,42462,46485,37040
59,2021,제주관광공사,5833463,0,253055,107443,341083,427025,0,6962069,141.08000000000001,0년 99개월,49348,53835,43675
60,2021,울주군시설관리공단,4488363,1528315,912005,956680,146641,488806,0,8520810,185.49000000000001,0년 91개월,45937,51035,41861
61,2021,양평공사,5855193,175518,782462,235262,126810,452160,0,7627405,181.75,0년 0개월,41966,43632,35684
62,2021,평택도시공사,5350354,762969,597400,1027106,883857,0,131875,8753561,193,0년 46개월,45355,50333,34047
63,2021,강화군시설관리공단,3356504,769934,486566,143179,228503,202084,0,5186770,126,0년 71개월,41165,44592,34774
64,2021,군포도시공사,6357261,1254974,1496223,1367974,1198323,603522,0,12278277,251,0년 0개월,48917,50311,39099
65,2021,전주시시설관리공단,9342324,1799899,1522815,2298266,804758,799602,0,16567664,362.5,0년 4개월,45704,39550,38365
66,2021,화성도시공사,12876327,3176083,1365424,2717205,1021502,802516,0,21959057,551,0년 52개월,39853,45136,40000
67,2021,울산광역시남구도시관리공단,2812744,716967,695775,673274,262700,0,0,5161460,117,0년 75개월,44115,47752,38055
68,2021,노원구시설관리공단,5846666,607722,316633,463501,564925,0,0,7799447,186,0년 97개월,41933,46687,36858
69,2021,남양주도시공사,8295532,2771680,3434777,1984569,1953523,0,0,18440081,355,0년 77개월,51944,53678,49012
70,2021,중구시설관리공단,6845509,1509291,524979,1158697,1122396,569946,0,11730818,262,0년 71개월,44774,48144,40145
71,2021,양주시시설관리공단(폐지),5605261,1001020,1540270,833984,1108620,554310,0,10643465,230,0년 72개월,46276,39220,31972
72,2021,통영관광개발공사,3074501,471870,391440,321793,527254,0,0,4786858,113,0년 74개월,42362,46166,36146
73,2021,영양고추유통공사,1063895,108699,264260,133642,30101,77876,0,1678473,32,0년 38개월,52452,59559,36817
74,2021,울산광역시도시공사,2319356,21600,70096,212434,195757,196008,0,3015251,48,0년 107개월,62818,68426,42277
75,2021,문경관광진흥공단(폐지),1574017,345086,562159,202179,125359,86891,0,2895691,64,0년 117개월,45245,45738,37486
76,2021,관악구시설관리공단,3838013,706538,223211,773649,429587,278147,0,6249145,148,0년 76개월,42224,43161,41126
77,2021,안동시시설관리공단,4615542,1055787,1721706,1224592,924944,542622,0,10085193,190,0년 90개월,53080,54383,47406
78,2021,인천환경공단,27913265,207207,799439,3261047,1650758,2059373,0,35891089,589,0년 104개월,60936,65479,42206
79,2021,은평구시설관리공단,3079569,727846,778843,364542,253681,0,0,5204481,144.66,0년 82개월,35977,38481,31874
80,2021,충청남도개발공사,3422550,92400,243773,391656,237808,250783,69592,4708562,86,0년 84개월,54751,58840,39298
81,2021,창원레포츠파크,5647690,1006791,1498664,771909,209857,249418,0,9384329,252,0년 175개월,37239,52527,23117
82,2021,부산지방공단스포원(부산시설공단 통합),5329221,778258,2106011,396557,342411,493553,0,9446011,228,0년 109개월,41430,58373,24737
83,2021,광주환경공단,9189447,1975754,3415103,1317400,1558016,1057428,0,18513148,288,0년 141개월,64282,66937,48213
84,2021,대구공공시설관리공단,23132369,1363666,1630745,2139613,1807072,1807064,29095,31909624,534,0년 125개월,59756,61726,47731
85,2021,부산환경공단,27749104,5240942,3088248,3254777,3686138,2546501,0,45565710,758,0년 113개월,60113,61551,49564
86,2021,창원시설공단,19988008,4794926,2703475,3799365,5336732,0,0,36622506,730.20000000000005,0년 117개월,50154,52444,45913
87,2021,구미시설공단(폐지),9745812,1267327,1887320,1975744,1539006,824728,0,17239937,322,0년 121개월,53540,55400,46588
88,2021,청주시시설관리공단,8927431,2470822,430998,1310620,848401,818435,0,14806707,333,0년 73개월,44465,46880,38911
89,2021,정선군시설관리공단,3483597,563120,835385,312877,578161,0,0,5773140,126,0년 104개월,45819,49080,35377
90,2021,동해시시설관리공단,3293745,514694,334364,162877,889676,0,0,5195356,128,0년 119개월,40589,47974,34454
91,2021,속초시시설관리공단,5778939,1524408,2882238,1447452,51175,171439,0,11855651,221,0년 103개월,53645,54878,47311
92,2021,연천군시설관리공단,3113741,816842,1255471,72325,296229,377019,0,5931627,137,0년 67개월,43297,46606,36638
93,2021,가평군시설관리공단,4186502,463011,207026,333260,260857,260624,0,5711280,142,0년 71개월,40220,41611,34295
94,2021,의정부시시설관리공단(폐지),11336239,1917972,1118293,2105687,657774,711128,0,17847093,352,0년 112개월,50702,52555,44070
95,2021,오산시시설관리공단(폐지),4212560,827015,556473,554867,887590,0,0,7038505,164,0년 93개월,42918,45751,38163
96,2021,안성시시설관리공단,7672575,2419839,1114971,1142933,646715,785535,0,13782568,264.24000000000001,0년 120개월,52159,54336,39783
97,2021,시흥도시공사,8029096,1885836,1472658,1411051,1175115,783979,0,14757735,332,0년 75개월,44451,46757,39320
98,2021,부천도시공사,11084994,2445943,2120138,1931658,2333166,1154426,2500,21072825,393,0년 132개월,53620,55281,50666
99,2021,수원도시공사,16961532,3569071,2659548,4364401,1214468,1476105,0,30245125,720,0년 90개월,42007,45244,36949
100,2021,울산시설공단,13027748,1979374,1118077,2235880,1136292,1119458,0,20616829,394.55000000000001,0년 124개월,52254,57087,42162
101,2021,대전광역시시설관리공단,16919990,2793687,2205164,2741825,1458179,1443621,0,27562466,523,0년 119개월,52701,55605,43450
102,2021,인천광역시서구시설관리공단,12460325,1625819,811510,1368786,1365653,476378,0,18108471,418.83999999999998,0년 149개월,43235,46002,40227
103,2021,인천광역시계양구시설관리공단,2190268,375044,240822,144468,303413,0,0,3254015,73,0년 105개월,44576,51529,34023
104,2021,인천광역시부평구시설관리공단,5927430,821742,1474327,1293900,872877,623921,0,11014197,233,0년 89개월,47271,49495,42934
105,2021,남동구도시관리공단,4426255,1084660,318813,939645,380256,449829,0,7599458,169,0년 112개월,44967,50818,37455
106,2021,인천광역시미추홀구시설관리공단,4973480,1031647,1032997,319951,665509,391328,0,8414912,201.40000000000001,0년 98개월,41782,45329,37163
107,2021,인천시설공단,39017015,167946,1953546,4618639,3558115,3033905,0,52349166,1057,0년 84개월,49526,54471,41594
108,2021,대구시설공단(대구공공시설관리공단 통합),24563285,1079127,2647744,4152012,1990265,1990265,0,36422698,762,0년 97개월,47799,48539,44478
109,2021,부산시설공단,35516123,1565378,6403766,3045292,3719893,1626213,0,51876665,1069,0년 98개월,48528,52108,41270
110,2021,중랑구시설관리공단,3808875,572782,465901,458684,1085503,0,0,6391745,136,0년 104개월,46998,48007,45464
111,2021,종로구시설관리공단,2352432,592655,165066,316349,120785,105335,0,3652622,82,0년 145개월,44544,47125,39895
112,2021,용산구시설관리공단,5392266,1312808,1804345,1199916,483959,461690,0,10654984,255,0년 85개월,41784,42995,39601
113,2021,영등포구시설관리공단,6078774,289623,1199215,1228176,616785,0,0,9412573,269,0년 100개월,34991,38688,31634
114,2021,양천구시설관리공단,4570137,325790,388698,844341,555828,227555,0,6912349,153.66999999999999,0년 114개월,44982,46752,41935
115,2021,송파구시설관리공단,5016786,686127,205596,840663,507089,338027,0,7594288,156,0년 120개월,48681,54033,43464
116,2021,성북구도시관리공단,7286245,1327620,426230,987081,806924,500846,0,11334946,262.30000000000001,0년 111개월,43214,46110,38910
117,2021,성동구도시관리공단,6323109,383717,389053,543847,766208,510804,0,8916738,221,0년 92개월,40347,43684,35491
118,2021,서대문구도시관리공단,4290414,508733,315356,480924,634450,0,0,6229877,148.83000000000001,0년 93개월,41859,46418,37288
119,2021,마포구시설관리공단,6443143,1236518,632485,1045977,658798,268319,0,10285240,251,0년 82개월,40977,42274,37414
120,2021,동작구시설관리공단,4073306,244526,405502,514155,622979,327884,0,6188352,126.06,0년 104개월,49091,51690,41854
121,2021,동대문구시설관리공단,6091419,328530,219314,983022,278962,246781,0,8148028,211,0년 88개월,38616,40297,36072
122,2021,도봉구시설관리공단,4491015,1093661,325151,1102277,183659,437600,0,7633363,171,0년 112개월,44640,47359,40047
123,2021,금천구시설관리공단,3190451,39797,330234,407593,519285,246723,0,4734083,110,0년 112개월,43037,45488,38575
124,2021,구로구시설관리공단,2857976,667507,269986,387136,436769,0,0,4619374,112,0년 117개월,41244,45257,34840
125,2021,광진구시설관리공단,6699159,395281,288981,1284366,579639,319115,0,9566541,223,0년 96개월,42899,45037,39150
126,2021,강서구시설관리공단,4957843,1811067,284211,401930,482515,0,0,7937566,187.28999999999999,0년 134개월,42381,42925,35434
127,2021,강북구도시관리공단,6983427,693774,362439,120777,547783,487821,0,9196021,207,0년 130개월,44425,45791,42165
128,2021,강동구도시관리공단,5092992,13200,815428,712248,546154,0,0,7180022,187.50999999999999,0년 80개월,38291,40735,34623
129,2021,강남구도시관리공단,9351087,420183,627106,1950007,1566196,0,0,13914579,322,0년 87개월,43213,46354,40357
130,2021,서울시설공단,129923433,24274172,8866606,4636065,20841111,10863463,14360,199419210,3641,0년 100개월,54770,55921,50735
131,2021,창녕군시설관리공단,3563659,807439,360318,683616,292570,365537,0,6073139,126.89,0년 81개월,47861,49353,41119
132,2021,청도공영사업공사,712543,145233,141419,163919,0,71319,0,1234433,22,0년 138개월,56111,56110,0
133,2021,하남도시공사,5460837,85167,160200,120937,904605,0,99363,6831109,134,0년 120개월,50978,54735,39480
134,2021,용인도시공사,11883955,1222860,2008913,1901141,1155119,1159248,0,19331236,384,0년 107개월,50342,52588,41148
135,2021,경기평택항만공사,1915626,72960,104732,168153,35928,79710,0,2377109,54,0년 48개월,44021,43577,45072
136,2021,광주도시관리공사,12452155,375023,1537529,440833,1270995,907226,0,16983761,335,0년 17개월,50698,52592,41259
137,2021,경기관광공사,4534091,128772,226418,514682,283710,318311,0,6005984,106.06999999999999,0년 116개월,56623,61288,49146
138,2021,구리농수산물공사,2872459,400994,202890,216864,753819,0,0,4447026,65.170000000000002,0년 182개월,68237,67060,72381
139,2021,광주광역시 관광공사,3014316,140270,702954,414262,191575,150439,0,4613816,111,0년 99개월,41566,44072,36633
140,2021,서울특별시농수산식품공사,17559310,689399,1121213,200865,2635721,1856142,0,24062650,345,0년 165개월,69747,74014,54798
141,2021,제주특별자치도개발공사,36560226,249003,1566830,3586392,2112462,2546037,0,46620950,880,0년 87개월,52978,54483,46407
142,2021,경남개발공사,5496478,317466,156745,591977,367173,409034,0,7338873,121.06,0년 124개월,60622,69550,40712
143,2021,경상북도개발공사,6272545,52222,307489,222847,431225,470285,0,7756613,128,0년 124개월,60599,65944,39594
144,2021,전남개발공사,4947252,947312,785256,532861,734786,503048,0,8450515,126.34,0년 114개월,66887,69230,54552
145,2021,전북개발공사,3343224,353547,216431,202538,275702,276673,70499,4738614,83.75,0년 134개월,56580,59694,43886
146,2021,충북개발공사,3274592,41571,317933,316242,469466,283499,0,4703303,78.060000000000002,0년 112개월,60252,64002,40412
147,2021,강원개발공사,5360385,112884,210167,86174,419336,419712,0,6608658,113,0년 110개월,58484,60244,49194
148,2021,경기주택도시공사,33731237,689247,1136631,762211,3628906,2476066,535461,42959759,701,0년 113개월,61284,66700,43825
149,2021,대전도시공사,30797896,4841129,7387431,9089287,1197354,1175767,279871,54768735,913,0년 136개월,59988,60940,45342
150,2021,광주광역시도시공사,13770961,167140,1593201,885619,1847220,1031385,0,19295526,276,0년 166개월,69911,72541,61082
151,2021,인천도시공사,20711895,218983,1226541,2469398,2062700,1605197,337653,28632367,387.89999999999998,0년 125개월,73814,77737,60202
152,2021,대구도시개발공사,10497343,801830,1081201,534117,1208662,755228,147703,15026084,220,0년 158개월,68300,73073,46949
153,2021,부산도시공사,13524664,1274381,603362,868062,2278674,931116,0,19480259,293,0년 135개월,66486,66337,55465
154,2021,서울주택도시개발공사,61680842,883994,7199132,3052578,4706109,5116815,1296641,83936111,1370,0년 136개월,61267,66143,52700
155,2021,대전교통공사,27723209,4447852,10392372,1847209,2539671,2537885,0,49488198,813,0년 132개월,60871,64946,40028
156,2021,광주교통공사,27868772,2664030,11731893,2666892,4554969,2208536,0,51695092,904,0년 135개월,57185,62276,39031
157,2021,인천교통공사,102482001,8541722,9480689,10216995,5988538,7954479,3000,144667424,2596,0년 113개월,55727,59048,42467
158,2021,대구교통공사,115848647,6145375,39039985,6664406,15489745,10409554,5500,193603212,2911.3299999999999,0년 170개월,66500,67809,51076
159,2021,부산교통공사,217541775,31353253,50778287,14066693,14491835,18051572,20000,346303415,4767,0년 165개월,72646,74800,55566
1,2022,부산광역시남구시설관리공단,91981,12617,4713,12518,0,0,0,121829,13,0년 3개월,9371,9928,8118
2,2022,양주도시공사,6078053,1686114,1108150,1052229,1235280,652527,0,11812353,227,0년 79개월,52037,53817,45891
3,2022,합천군시설관리공단,1275274,271161,137618,48678,0,0,0,1732731,43,0년 5개월,40296,41709,34953
4,2022,단양관광공사,1871394,432529,547975,296798,216996,0,0,3365692,67,0년 82개월,50234,53814,41608
5,2022,전남광주통합특별시 서구시설관리공단,4554613,1061555,2972854,1436318,0,0,0,10025340,182,0년 11개월,55084,56696,27350
6,2022,전남광주통합특별시북구시설관리공단,912559,226811,59248,102338,0,0,0,1300956,39,0년 9개월,33358,34314,31920
7,2022,김천시시설관리공단,742871,126977,214251,180065,0,54346,0,1318510,29,0년 43개월,45466,47280,43064
8,2022,평창군시설관리공단,523829,22865,179350,38879,0,41959,0,806882,20,0년 74개월,40344,42235,29914
9,2022,서울물재생시설공단,15883104,1104145,682853,1783653,0,1309748,0,20763503,378.92000000000002,0년 18개월,54797,56489,40539
10,2022,경기교통공사,2233780,71789,88863,435968,0,91316,0,2921716,59,0년 20개월,49521,44435,33252
11,2022,원주시시설관리공단,8855077,1883920,1169452,1655381,259393,735474,0,14558697,290.57999999999998,0년 25개월,50102,51407,35321
12,2022,김포도시공사,11418261,2521724,1643800,2600082,1142584,993365,0,20319816,402,0년 97개월,50547,56702,41645
13,2022,파주도시공사,6380321,1387490,1155386,979844,565711,594311,0,11063063,230,0년 136개월,48100,56127,46453
14,2022,영천시시설관리공단,338067,39977,61840,26593,0,32293,0,498770,13,0년 22개월,38367,33748,35047
15,2022,과천도시공사,7381339,1530337,957054,1272085,846667,645827,0,12633309,227,0년 106개월,55653,61870,45266
16,2022,울산광역시북구시설관리공단,802875,211685,173685,247192,140973,0,0,1576410,34,0년 26개월,46365,46921,43767
17,2022,포천도시공사,3308866,714273,578362,229712,268727,278460,0,5378400,109.83,0년 97개월,48970,51878,42810
18,2022,안양도시공사,8276145,1698613,1930780,2293752,1641386,657931,0,16498607,312.95999999999998,0년 112개월,52718,53897,48320
19,2022,세종도시교통공사,14679060,500114,1981070,3599019,2210413,0,0,22969676,540,0년 40개월,42536,43738,32112
20,2022,사천시시설관리공단,3753466,508069,294051,603118,118527,145172,0,5422403,120,0년 32개월,45187,46141,36569
21,2022,경주시시설관리공단,1235450,301418,219867,320010,125799,113192,0,2315736,55,0년 43개월,42104,49596,39775
22,2022,인천광역시연수구시설안전관리공단,4868203,790456,526536,954897,400161,445534,0,7985787,188.15000000000001,0년 44개월,42444,43479,36290
23,2022,서울교통공사,635052604,25864120,304423450,58819669,63150545,75089998,0,1162400386,16374,0년 220개월,70991,72676,58001
24,2022,서울에너지공사,10153606,781459,5170718,1340053,1737800,834041,1461,20019138,269,0년 132개월,74421,77269,63144
25,2022,충주시시설관리공단,4794605,417967,1112224,616324,794378,0,0,7735498,189,0년 51개월,40929,47617,34117
26,2022,세종특별자치시시설관리공단,7268605,1323570,1180435,1699630,595291,595110,0,12662641,274,0년 38개월,46214,48108,38670
27,2022,밀양시시설관리공단,2780400,313131,494855,359552,181010,196522,0,4325470,104,0년 48개월,41591,44390,36504
28,2022,인천관광공사,6320026,57658,190615,685104,839136,440454,0,8532993,126,0년 65개월,67722,77985,61111
29,2022,광명도시공사,6799773,995753,266564,1054928,311868,313151,0,9742037,244,0년 52개월,39926,43691,35487
30,2022,아산시시설관리공단,7633467,1650688,1533350,1175302,655881,655881,0,13304569,297,0년 48개월,44797,48641,37668
31,2022,장수한우지방공사,632874,124018,126584,2769,0,0,0,886245,18,0년 98개월,49236,50419,39768
32,2022,광주광역시광산구시설관리공단,6193356,1418165,2470141,2107168,85928,69407,314205,12658370,232,0년 59개월,54562,55950,38055
33,2022,대구광역시달성군시설관리공단,5140555,1061427,1008067,824472,887512,461843,0,9383876,212,0년 70개월,44264,46768,40182
34,2022,김해시도시개발공사,8642549,1584096,1626593,847971,582933,729768,0,14013910,260,0년 98개월,53900,56429,44245
35,2022,성남도시개발공사,26853039,5242422,6410517,5925523,2468449,2883466,0,49783416,950,0년 114개월,52404,53694,49421
36,2022,부여군시설관리공단,2101976,384099,255798,120401,243375,128771,0,3234420,69,0년 71개월,46876,48819,40429
37,2022,울산광역시중구도시관리공단,835711,161922,72635,189619,61611,80379,0,1401877,29.5,0년 47개월,47521,49775,40718
38,2022,이천시시설관리공단,1910049,298792,168248,254752,200663,200663,0,3033167,76,0년 57개월,39910,39817,40474
39,2022,부산관광공사,4523725,170957,161693,188631,348793,241701,0,5635500,114,0년 90개월,49434,53388,49526
40,2022,구리도시공사,2686219,0,235358,404668,168286,168286,0,3662817,72,0년 44개월,50872,56841,37304
41,2022,경상북도문화관광공사,8370541,143377,318967,605521,1011595,733167,0,11183168,181,0년 169개월,61785,67667,49621
42,2022,제주에너지공사,2055627,49462,83824,44070,189587,144820,0,2567390,53.939999999999998,0년 45개월,47597,50804,31601
43,2022,거제해양관광개발공사,7363276,1248796,621990,971137,974479,673359,0,11853037,218.33000000000001,0년 118개월,54290,56913,46901
44,2022,대전관광공사,7098004,619684,750727,1060709,453516,566245,0,10548885,214,0년 109개월,49294,51394,40998
45,2022,천안시시설관리공단(폐지),9740615,1795072,1177035,1798543,1041174,694114,0,16246553,353,0년 55개월,46024,48765,41143
46,2022,여주도시관리공단(폐지),3443502,810338,440567,323182,123577,184586,0,5325752,129,0년 74개월,41285,43257127,37007553
47,2022,영월군시설관리공단,2087290,456624,644035,366967,219217,224878,0,3999011,78.829999999999998,0년 0개월,50730,53291,44246
48,2022,의왕도시공사,6219274,867008,219620,1336037,663133,475675,0,9780747,208,0년 84개월,47023,49148,42548
49,2022,고양도시관리공사,11762249,2637719,3498149,3392725,1740625,1246291,0,24277758,415,0년 110개월,58501,61454,47983
50,2022,포항시시설관리공단,6872763,1285932,1255331,1464529,383492,476728,0,11738775,293,0년 39개월,40064,43504,34719
51,2022,춘천도시공사,9908790,2791858,2971049,2315734,1985048,0,0,19972479,367,0년 76개월,54421,54079,44642
52,2022,강릉관광개발공사,2663536,395404,216943,455827,440103,0,0,4171813,93.150000000000006,0년 55개월,44786,49441,39489
53,2022,보령시시설관리공단,3033695,671126,769714,709343,241556,217441,0,5642875,96,0년 89개월,58780,61615,44597
54,2022,당진도시공사,295362,29517,18007,0,0,0,0,342886,8,0년 123개월,42861,40996,47134
55,2022,인천광역시제물포구시설관리공단,4222208,726518,1157312,555595,195181,375471,0,7232285,167,0년 57개월,43307,43934,40636
56,2022,여수시도시관리공단,9625529,2697170,5081382,5155903,391194,0,0,22951178,427,0년 72개월,53750,55799,37812
57,2022,양산시시설관리공단,6403569,1126918,427631,712338,621781,40971,0,9333208,229.34,0년 68개월,40696,44481,32203
58,2022,부산광역시기장군도시관리공단,5472670,904593,380388,369152,601321,408214,0,8136338,197.80000000000001,0년 72개월,41134,44655,36743
59,2022,함안지방공사,3170545,813634,266202,362343,229822,176787,0,5019333,110,0년 99개월,45630,46955,40328
60,2022,안산도시공사,16077500,49025,608223,2111369,1758620,1258197,0,21862934,498.74000000000001,0년 93개월,43836,47445,38812
61,2022,제주관광공사,6012762,107805,164925,103536,387740,484902,127699,7389369,140.41999999999999,0년 107개월,52623,58052,46078
62,2022,울주군시설관리공단,4916770,1626438,998480,1207229,190502,476256,0,9415675,212,0년 91개월,44414,51479,39201
63,2022,양평공사,5866698,175245,919065,345532,153774,498745,0,7959059,175,0년 75개월,45480,46871,40292
64,2022,평택도시공사,5781120,867307,676826,1036198,555136,396855,0,9313442,209,0년 49개월,44562,49967,33951
65,2022,강화군시설관리공단,3424631,775245,439375,197523,115054,308214,0,5260042,125,0년 75개월,42080,45562,36099
66,2022,군포도시공사,6791582,1385401,1574867,1495889,1337415,726496,0,13311650,273,0년 38개월,48761,53588,40791
67,2022,전주시시설관리공단,10916552,2477208,1702472,2842001,1125780,1125780,0,20189793,433,0년 76개월,46628,39414,38846
68,2022,화성도시공사,17671865,3455071,2856041,4463847,1472289,1465018,0,31384131,734,0년 49개월,42758,48456,39097
69,2022,울산광역시남구도시관리공단,2543279,756396,489714,674817,271155,0,0,4735361,119,0년 47개월,39793,44734,30429
70,2022,노원구시설관리공단,5833404,590645,289711,531040,620411,0,0,7865211,176,0년 111개월,44689,49104,39851
71,2022,남양주도시공사,9019592,2396741,3752615,2557030,1783204,0,0,19509182,413,0년 78개월,47238,48212,44304
72,2022,중구시설관리공단,7359628,1655777,571631,1339657,1086646,714255,0,12727594,275,0년 81개월,46282,49235,39553
73,2022,통영관광개발공사,3235987,503105,433388,341609,398256,0,0,4912345,111,0년 84개월,44255,48155,39479
74,2022,영양고추유통공사,1063293,134037,253806,147110,24665,77976,0,1700887,29.149999999999999,0년 145개월,58349,63784,42375
75,2022,울산광역시도시공사,2502529,22200,75473,227150,193215,193214,0,3213781,58,0년 116개월,55410,60919,36338
76,2022,문경관광진흥공단(폐지),1539557,316344,438245,240374,113761,94648,0,2742929,64,0년 52개월,42858,46474,38433
77,2022,관악구시설관리공단,3939665,848848,237356,830022,512092,204837,0,6572820,148,0년 78개월,44411,44515,44025
78,2022,안동시시설관리공단,5093525,1240752,1756835,1387752,1033015,575135,0,11087014,191,0년 103개월,58047,59155,50332
79,2022,인천환경공단,28712359,137229,845140,3449752,1989693,2205876,0,37340049,583,0년 112개월,64048,68595,46314
80,2022,은평구시설관리공단,3435355,600817,836298,425664,294440,0,0,5592574,158,0년 95개월,35396,33725,28478
81,2022,충청남도개발공사,3896317,101342,235832,467169,407039,283621,81644,5472964,103,0년 84개월,53136,57411,39792
82,2022,창원레포츠파크,5949990,1093581,1350823,987618,405374,311748,0,10099134,250,0년 179개월,40397,56220,26022
83,2022,부산지방공단스포원(부산시설공단 통합),5692826,1116893,1679808,765535,318603,438239,0,10011904,213,0년 154개월,47004,59977,28717
84,2022,광주환경공단,9750895,1995419,3404743,1371313,1025694,1094583,0,18642647,292,0년 142개월,63845,62340,45834
85,2022,대구공공시설관리공단,52667668,2677075,3595148,6665497,6045088,4113059,0,75763535,1413,0년 105개월,53619,55134,46292
86,2022,부산환경공단,28408139,5436447,2990439,3277394,3593215,2732868,0,46438502,770.33000000000004,0년 120개월,60284,61419,52009
87,2022,창원시설공단,20948933,5077337,2695429,4559432,3549516,0,0,36830647,745.03999999999996,0년 120개월,49434,52154,44755
88,2022,구미시설공단(폐지),10875920,1397119,1627136,2148017,1291250,914152,0,18253594,332,0년 121개월,54981,57385,47446
89,2022,청주시시설관리공단,10034929,2646861,440591,1145048,1744278,0,0,16011707,350,0년 81개월,45748,47012,42202
90,2022,정선군시설관리공단,3625536,629487,848806,390296,250103,312471,0,6056699,128,0년 71개월,47318,50573,37549
91,2022,동해시시설관리공단,3503339,447678,355698,299993,810845,0,0,5417553,145,0년 121개월,37362,47292,34756
92,2022,속초시시설관리공단,5827018,1592616,2685864,1770097,146270,156810,0,12178675,216,0년 156개월,56383,55119,43352
93,2022,연천군시설관리공단,3217276,836657,1300577,107546,294365,374646,0,6131067,136,0년 83개월,45081,49464,38819
94,2022,가평군시설관리공단,4168326,353460,338698,392257,406872,293292,0,5952905,152,0년 68개월,39164,41982,29381
95,2022,의정부시시설관리공단(폐지),11832883,1987023,1200651,2102827,921898,757401,0,18802683,358,0년 117개월,52521,54692,44219
96,2022,오산시시설관리공단(폐지),4395491,839600,562213,712545,775988,0,0,7285837,156,0년 102개월,46704,46092,40593
97,2022,안성시시설관리공단,7962844,2100609,1090545,1372954,675930,830240,0,14033122,260,0년 120개월,53974,54712,38127
98,2022,시흥도시공사,9321555,2205854,1626082,1757443,1744024,867026,0,17521984,357,0년 77개월,49081,50830,44880
99,2022,부천도시공사,10951404,2413224,2037486,2100797,1763399,1122957,0,20389267,374,0년 139개월,54517,54881,49572
100,2022,수원도시공사,16837330,1429932,4839826,4795255,1145918,1485304,0,30533565,930,0년 118개월,32832,45388,40323
101,2022,울산시설공단,13914822,1498941,1183921,2587319,1201319,1190647,0,21576969,404.31999999999999,0년 132개월,53366,58102,43362
102,2022,대전광역시시설관리공단,17357851,2806200,2273952,2803130,1310297,1549465,0,28100895,524,0년 122개월,53628,55973,46059
103,2022,인천광역시서구시설관리공단,12848790,1681337,931107,1488502,2051329,1205297,0,20206362,424.5,0년 95개월,47600,50369,44606
104,2022,인천광역시계양구시설관리공단,2275639,394763,219249,191837,278881,0,0,3360369,83,0년 86개월,40486,48712,30763
105,2022,인천광역시부평구시설관리공단,6308073,733918,1616349,1554590,860438,614596,0,11687964,237,0년 94개월,49316,51453,44961
106,2022,남동구도시관리공단,4428151,1069607,324057,1073579,400388,471742,0,7767524,173,0년 113개월,44899,49910,38503
107,2022,인천광역시미추홀구시설관리공단,5384137,1131931,1169128,296251,479536,533009,0,8993992,216.13,0년 95개월,41614,44428,37724
108,2022,인천시설공단,40325878,166359,1943388,4993316,2708661,3090532,0,53228134,1061,0년 91개월,50168,54442,43187
109,2022,부산시설공단,39704487,1627443,5301762,3526540,4060783,1682110,0,55903125,1136,0년 87개월,49210,52303,42779
110,2022,중랑구시설관리공단,4101657,877724,276941,370300,709704,0,0,6336326,136,0년 118개월,46591,46937,46011
111,2022,종로구시설관리공단,2723010,650432,178908,394969,131079,112272,0,4190670,92,0년 157개월,45551,48807,41400
112,2022,용산구시설관리공단,5654130,1364501,1740748,1413645,514108,476796,0,11163928,259,0년 90개월,43104,43898,41708
113,2022,영등포구시설관리공단,6758388,334201,842446,1423990,763808,0,0,10122833,266,0년 102개월,38056,41775,34757
114,2022,양천구시설관리공단,4948184,366977,417404,1059576,602163,245542,0,7639846,164.81999999999999,0년 114개월,46353,47460,44230
115,2022,송파구시설관리공단,5009629,691465,194045,1045027,700382,350904,0,7991452,152,0년 130개월,52575,54988,48034
116,2022,성북구도시관리공단,7993623,1358370,455564,1278179,906144,450803,0,12442683,277,0년 115개월,44919,48426,40674
117,2022,성동구도시관리공단,7055906,418801,434189,838160,778843,519227,0,10045126,245,0년 80개월,41001,42311,38896
118,2022,서대문구도시관리공단,4540970,810732,276447,540356,479251,0,0,6647756,157,0년 98개월,42342,46240,38631
119,2022,마포구시설관리공단,6619538,1279030,524682,1081800,410592,539076,0,10454718,248,0년 89개월,42156,43483,38641
120,2022,동작구시설관리공단,4347837,246538,399873,660800,302023,335582,0,6292653,130,0년 117개월,48405,49658,44403
121,2022,동대문구시설관리공단,6220740,360017,277764,963776,430482,245706,0,8498485,206,0년 95개월,41255,43530,38009
122,2022,도봉구시설관리공단,4786717,1212001,347466,1255658,470346,470346,0,8542534,200,0년 103개월,42713,43776,40647
123,2022,금천구시설관리공단,3357222,39413,340145,406716,403082,265342,0,4811920,107.17,0년 130개월,44900,45804,43131
124,2022,구로구시설관리공단,2849376,646751,274406,386046,420014,0,0,4576593,109,0년 125개월,41987,45459,36449
125,2022,광진구시설관리공단,7187099,402509,313685,1386693,553759,357738,0,10201483,227,0년 103개월,44940,47239,40949
126,2022,강서구시설관리공단,5117080,1854251,255991,523212,403198,260272,0,8414004,185,0년 136개월,45481,48807,40916
127,2022,강북구도시관리공단,6915810,681596,377711,122640,887675,497946,0,9483378,200,0년 136개월,47417,48776,44183
128,2022,강동구도시관리공단,5395851,12941,975724,830662,745697,0,0,7960875,188.09,0년 88개월,42325,45038,38641
129,2022,강남구도시관리공단,10458679,460855,657510,2142827,1436790,0,0,15156661,343,0년 88개월,44189,46872,39507
130,2022,서울시설공단,136788118,24663893,6994128,5190781,21938248,11378169,7209,206960546,3672,0년 107개월,56362,57273,53034
131,2022,창녕군시설관리공단,3532847,792729,364306,678794,284589,355739,0,6009004,123.26000000000001,0년 84개월,48751,50185,42466
132,2022,청도공영사업공사,948509,141637,94482,159573,0,0,0,1344201,24,0년 124개월,56008,55701,63076
133,2022,하남도시공사,5139146,145421,357356,203275,516955,362163,0,6724316,137,0년 114개월,49083,52120,39506
134,2022,용인도시공사,12526784,1244210,2244285,2000628,1628895,1147813,0,20792615,415,0년 102개월,50103,53377,39651
135,2022,경기평택항만공사,2136206,79814,123334,175985,94863,102593,0,2712795,57.409999999999997,0년 58개월,47253,47950,45705
136,2022,광주도시관리공사,12251727,369505,1581121,479418,1541546,1048264,0,17271581,328,0년 114개월,52657,54434,44379
137,2022,경기관광공사,4708859,115478,222229,482601,280557,331618,0,6141342,106,0년 121개월,57937,63104,53795
138,2022,구리농수산물공사,3064131,428015,211645,218168,795493,0,0,4717452,69.299999999999997,0년 176개월,68073,67310,70834
139,2022,광주광역시 관광공사,3338460,102060,542379,331841,254271,150329,0,4719340,110,0년 91개월,42903,45771,38899
140,2022,서울특별시농수산식품공사,17944303,695199,1164764,179715,2990318,1517927,0,24492226,349.42000000000002,0년 170개월,70094,74552,54916
141,2022,제주특별자치도개발공사,38789943,257155,1216444,3996492,3895536,2965459,0,51121029,891,0년 94개월,57375,58789,51152
142,2022,경남개발공사,5191650,329754,195846,555306,123851,412338,0,6808745,112.90000000000001,0년 137개월,60308,68100,41162
143,2022,경상북도개발공사,6528240,64109,315479,240901,703212,500324,115071,8467336,135,0년 122개월,62721,69973,40304
144,2022,전남개발공사,4871120,924163,780557,519249,995136,499816,0,8590041,123,0년 126개월,69838,72317,59588
145,2022,전북개발공사,3484162,352225,213661,193737,112493,285484,0,4641762,85,0년 133개월,54609,58344,40705
146,2022,충북개발공사,3481996,40640,296639,359020,345866,260079,0,4784240,86,0년 111개월,55631,59693,39134
147,2022,강원개발공사,5636157,125188,223177,91573,439114,438735,0,6953944,115,0년 121개월,60469,61523,53943
148,2022,경기주택도시공사,36005064,775146,1825392,811806,2495510,2703753,0,44616671,750,0년 114개월,59489,65520,42674
149,2022,대전도시공사,20031900,1166502,1717441,2642415,979206,1224188,451524,28213176,480,0년 148개월,58777,60702,45183
150,2022,광주광역시도시공사,14232836,169700,1579935,882863,878006,1031277,247773,19022390,285,0년 169개월,66745,68550,61305
151,2022,인천도시공사,22366858,391063,1037612,2226352,2343706,1675530,366684,30407805,413.80000000000001,0년 123개월,73484,78081,59464
152,2022,대구도시개발공사,10186004,777616,1115899,601923,835963,835963,159086,14512454,214,0년 158개월,67815,74181,48950
153,2022,부산도시공사,15516386,657645,425523,882480,2101287,694898,0,20278219,308,0년 135개월,65838,68022,58545
154,2022,서울주택도시개발공사,63386857,886948,7140969,3180202,10164727,5309597,0,90069300,1389,0년 140개월,64845,69764,56597
155,2022,대전교통공사,36323620,2561385,4661563,2310280,2048720,2568165,0,50473733,836,0년 135개월,60375,64048,41746
156,2022,광주교통공사,28955376,2693667,11728522,1718683,3638057,2282670,0,51016975,916,0년 143개월,55695,60027,40185
157,2022,인천교통공사,108695922,9102255,10383980,11225945,13911401,8437080,4100,161760683,2740,0년 110개월,59037,62443,45123
158,2022,대구교통공사,118746627,6128701,41076849,6944612,10511205,10592792,11200,194011986,2918,0년 171개월,66488,67870,51472
159,2022,부산교통공사,224902618,31913746,51571912,15127744,15902989,19888034,20000,359327043,4842,0년 173개월,74210,76512,57950
1,2023,여주도시공사,3892805,869909,538357,566320,167870,153960,0,6189221,146,0년 70개월,42392,44563,35995
2,2023,구미도시공사,11490119,1479716,1631767,2218932,1346547,1045143,0,19212224,331,0년 134개월,58043,60372,49808
3,2023,천안도시공사,9668519,1833450,1429271,1877180,1139237,782138,0,16729795,344,0년 66개월,48633,51301,43713
4,2023,익산시도시관리공단,487187,111054,35370,102457,0,0,0,736068,45,0년 5개월,16357,17832,15869
5,2023,부산광역시남구시설관리공단,402100,105448,60737,44556,0,0,0,612841,15,0년 17개월,40856,42609,36035
6,2023,양주도시공사,6308641,1792859,1160378,1288292,1274454,686244,0,12510868,221,0년 87개월,56610,58483,49482
7,2023,합천군시설관리공단,2087900,558826,225211,134257,0,0,0,3006194,70,0년 14개월,42946,44197,36229
8,2023,단양관광공사,1965205,635189,254316,242431,379267,0,0,3476408,69,0년 90개월,50383,57146,40768
9,2023,전남광주통합특별시 서구시설관리공단,4825471,1137545,3533295,1541173,0,0,0,11037484,206,0년 20개월,53580,56232,33009
10,2023,전남광주통합특별시북구시설관리공단,1297620,333802,98030,166138,32425,0,12600,1940615,52,0년 21개월,37320,39294,34828
11,2023,김천시시설관리공단,1602557,298139,478646,418668,80525,80525,0,2959060,62,0년 44개월,47727,49544,42914
12,2023,평창군시설관리공단,790889,37260,261861,125534,45758,50841,0,1312143,35,0년 46개월,37490,39606,30994
13,2023,서울물재생시설공단,16997252,992430,1403024,1058092,0,1654006,0,22104804,377,0년 31개월,58633,60345,45343
14,2023,경기교통공사,2456658,95973,108198,272613,79377,158094,0,3170913,68,0년 22개월,46631,50734,40394
15,2023,원주시시설관리공단,8844954,1909051,1122259,1531239,696654,790687,0,14894844,284.91000000000003,0년 35개월,52279,53872,36798
16,2023,김포도시공사,12049659,2550336,1701031,2576700,1275886,1091858,0,21245470,378,0년 111개월,56205,61492,45372
17,2023,파주도시공사,6447557,1393843,1190298,901480,586792,585916,0,11105886,218,0년 121개월,50944,55877,40139
18,2023,영천시시설관리공단,352167,78319,88020,41175,36123,36123,0,631927,14,0년 49개월,45138,44799,45100
19,2023,과천도시공사,7494340,1550100,915576,1184032,1043961,697571,0,12885580,227,0년 111개월,56765,62637,46953
20,2023,울산광역시북구시설관리공단,880573,342770,25373,213184,152010,0,0,1613910,35,0년 32개월,46112,47929,38839
21,2023,포천도시공사,3518040,850871,516941,350486,209235,251627,0,5697200,116,0년 88개월,49114,50324,46254
22,2023,안양도시공사,8862617,1798688,2185612,2464132,1329933,710684,0,17351666,336.95999999999998,0년 105개월,51495,53426,45155
23,2023,세종도시교통공사,15982811,552930,1264892,2059309,1580666,0,0,21440608,531,0년 35개월,40378,46352,38167
24,2023,사천시시설관리공단,4183427,690590,643741,635199,136599,151548,0,6441104,144,0년 37개월,44730,41567,34521
25,2023,경주시시설관리공단,1447180,422066,257663,373646,124530,128244,0,2753329,58,0년 50개월,47471,50225,40827
26,2023,인천광역시연수구시설안전관리공단,5073570,830776,499373,822648,599985,462057,0,8288409,182.72999999999999,0년 55개월,45359,47489,38990
27,2023,서울교통공사,648506635,26059487,308988291,61623106,28912888,74987258,0,1149077665,16409,0년 218개월,70027,71750,57238
28,2023,서울에너지공사,10540761,781879,5489155,1228420,424310,1190896,0,19655421,266,0년 136개월,73893,76132,66202
29,2023,충주시시설관리공단,5348404,456854,1224181,687176,843588,0,0,8560203,229,0년 52개월,37381,40084,32583
30,2023,세종특별자치시시설관리공단,8409450,1892778,1386614,1984834,632051,706466,0,15012193,275,0년 49개월,54590,56047,48888
31,2023,밀양시시설관리공단,3853280,574711,302413,645160,220962,245626,0,5842152,141,0년 44개월,41434,43629,35480
32,2023,인천관광공사,6093080,59080,162072,688801,649407,513891,0,8166331,120,0년 66개월,68053,77586,61287
33,2023,광명도시공사,7346362,1207550,303673,1100230,330894,330893,0,10619602,249,0년 60개월,42649,46502,37933
34,2023,아산시시설관리공단,7893954,1818496,1622555,1377001,808427,808427,0,14328860,289,0년 56개월,49581,53487,42689
35,2023,장수한우지방공사,563258,83875,100737,8331,0,0,0,756201,15,0년 110개월,50413,52331,37949
36,2023,광주광역시광산구시설관리공단,6561531,1308997,2663283,2311086,96273,118229,362808,13422207,220,0년 65개월,61010,62868,40225
37,2023,대구광역시달성군시설관리공단,5722981,1158277,823403,737957,959169,490748,0,9892535,217,0년 75개월,45588,48571,40576
38,2023,김해시도시개발공사,10751193,1866278,1801238,1251970,1088884,836214,0,17595777,329,0년 115개월,53483,56691,42229
39,2023,성남도시개발공사,27186895,5369775,6573130,5901406,3840463,2955903,0,51827572,931,0년 117개월,55669,57248,51996
40,2023,부여군시설관리공단,2168630,439425,245280,159494,171157,49539,0,3233525,69,0년 81개월,46863,51719,40748
41,2023,울산광역시중구도시관리공단,871614,137155,116818,166392,68323,76252,0,1436554,31.600000000000001,0년 75개월,45461,46167,43647
42,2023,이천시시설관리공단,2205324,431429,160703,320504,184472,184472,0,3486904,83,0년 61개월,42011,43490,37349
43,2023,부산관광공사,4895589,175987,482906,48465,417696,304417,0,6325060,116,0년 101개월,54526,58101,50826
44,2023,구리도시공사,3043782,0,262060,463684,265910,265910,0,4301346,80,0년 56개월,53767,59610,40912
45,2023,경상북도문화관광공사,9165165,0,611000,600592,848554,768749,0,11994060,238,0년 154개월,50395,56276,39103
46,2023,제주에너지공사,2094155,53887,119479,28269,115952,144237,40422,2596401,56,0년 80개월,46364,53266,32919
47,2023,거제해양관광개발공사,7933795,1379883,711660,1158404,720747,686716,0,12591205,229,0년 116개월,54983,59172,48745
48,2023,대전관광공사,7557905,637771,898262,1165135,517258,647050,0,11423381,218,0년 112개월,52401,55152,46820
49,2023,영월군시설관리공단,2097574,313922,311793,354236,1672110,1672110,0,6421745,77,0년 0개월,83399,53141,50342
50,2023,의왕도시공사,6629765,969450,331087,1316793,395520,493966,0,10136581,215,0년 84개월,47147,49869,42614
51,2023,고양도시관리공사,11974541,2703843,3235597,3341064,1037714,1294103,0,23586862,399,0년 119개월,59115,61909,49518
52,2023,포항시시설관리공단,8123934,1354432,1478577,1631778,372411,466293,0,13427425,328,0년 0개월,40937,45436,35885
53,2023,춘천도시공사,10491781,2780516,3108789,2771126,2167077,0,0,21319289,366,0년 76개월,58249,57347,47327
54,2023,강릉관광개발공사,2513070,426519,220746,481176,334861,185338,0,4161710,96,0년 62개월,43351,50044,41975
55,2023,보령시시설관리공단,3176724,760759,975753,612178,221659,277074,0,6024147,98,0년 92개월,61471,64665,47275
56,2023,당진도시공사,308026,29955,13030,0,0,0,0,351011,8,0년 138개월,43876,45894,48797
57,2023,인천광역시제물포구시설관리공단,4461386,617784,1153141,658244,593415,459424,0,7943394,188,0년 64개월,42252,48990,44002
58,2023,여수시도시관리공단,10291672,2838013,5332943,5551125,559911,0,0,24573664,469,0년 78개월,52396,58276,38753
59,2023,양산시시설관리공단,7851517,1344614,403446,935688,599862,41779,0,11176906,267,0년 73개월,41861,44834,34455
60,2023,부산광역시기장군도시관리공단,5877922,1004877,403959,404552,742582,501581,0,8935473,194,0년 81개월,46059,50773,40261
61,2023,함안지방공사,3512923,897532,271269,369085,332552,255809,0,5639170,117,0년 108개월,48198,48793,45121
62,2023,안산도시공사,16123559,44591,593566,2070298,2485666,1245773,0,22563453,476.32999999999998,0년 102개월,47369,51580,41611
63,2023,제주관광공사,6205014,112914,159946,96389,901185,477927,0,7953375,140.25999999999999,0년 112개월,56705,62840,49384
64,2023,울주군시설관리공단,5067667,1706111,1018967,1317356,503416,503416,0,10116933,212,0년 100개월,47721,52617,43895
65,2023,양평공사,6286944,186763,1028582,454813,683950,484992,0,9126044,181,0년 78개월,50420,52498,43094
66,2023,평택도시공사,6408085,939455,762671,1181997,1038901,0,0,10331109,225,0년 50개월,45916,51055,36598
67,2023,강화군시설관리공단,3637588,774538,509625,216931,130692,316174,0,5585548,130,0년 84개월,42966,47286,36687
68,2023,군포도시공사,6383752,1340141,1446427,1440259,1058175,0,0,11668754,254,0년 83개월,45940,50265,38322
69,2023,전주시시설관리공단,9865177,1885305,1604126,2530382,940827,940827,0,17766644,412,0년 80개월,43123,44269,38939
70,2023,화성도시공사,18693481,3579461,3152931,5108735,2745788,1822546,0,35102942,855,0년 56개월,41056,44981,35333
71,2023,울산광역시남구도시관리공단,3176757,743609,764636,919787,300568,0,0,5905357,123,0년 90개월,48011,51555,41646
72,2023,노원구시설관리공단,5778911,566385,304694,516312,723749,0,0,7890051,163,0년 123개월,48405,53829,42492
73,2023,남양주도시공사,9406698,2530294,3860733,2674334,1044330,1069418,0,20585807,358,0년 91개월,57502,61108,50941
74,2023,중구시설관리공단,7591761,1695664,631121,1369418,688409,702186,0,12678559,273,0년 88개월,46442,49132,41082
75,2023,통영관광개발공사,3167267,360984,529249,484231,627604,0,0,5169335,103,0년 0개월,50188,54411,42652
76,2023,영양고추유통공사,1123631,139583,270143,156720,0,82299,0,1772376,29,0년 156개월,61116,66786,43296
77,2023,울산광역시도시공사,2554543,24000,71546,227064,199518,199450,0,3276121,52,0년 126개월,63002,68576,42228
78,2023,문경관광진흥공단(폐지),2188004,411548,439207,266501,120199,84211,0,3509670,79,0년 139개월,44426,47493,36621
79,2023,관악구시설관리공단,4119591,860388,276763,839916,339832,446358,0,6882848,157,0년 0개월,43840,43368,41354
80,2023,안동시시설관리공단,5689115,1428709,1638095,1471038,521893,650364,0,11399214,206,0년 116개월,55336,56273,48845
81,2023,인천환경공단,29501521,102620,859477,3569736,1788147,2253816,0,38075317,595,0년 109개월,63992,68836,47467
82,2023,은평구시설관리공단,3767997,682481,862365,441895,336596,0,0,6091334,167.59999999999999,0년 83개월,36344,39993,30639
83,2023,충청남도개발공사,4213626,100925,266714,477341,299894,312654,0,5671154,111,0년 89개월,51091,55464,38126
84,2023,창원레포츠파크,6087769,1024333,1356571,929387,527953,291064,0,10217077,259,0년 183개월,39448,52168,27020
85,2023,광주환경공단,10239838,2095452,3555888,1436934,956006,1192218,0,19476336,290,0년 139개월,67160,68483,59758
86,2023,대구공공시설관리공단,55194893,2973732,3933700,6707233,8418061,4295113,29920,81552652,1452,0년 109개월,56166,57811,48649
87,2023,부산환경공단,29624366,6396231,2172386,3302569,3580940,2748030,0,47824522,807,0년 156개월,59262,60483,46695
88,2023,창원시설공단,21684685,5301316,3016939,4955041,4543289,0,0,39501270,722.20000000000005,0년 130개월,54696,57401,49985
89,2023,청주시시설관리공단,10506937,3001702,452403,1192109,1559139,1473546,0,18185836,349,0년 91개월,52108,46594,38054
90,2023,정선군시설관리공단,4201910,726427,1042103,442767,256046,322383,0,6991636,149,0년 94개월,46924,50403,38880
91,2023,동해시시설관리공단,3454437,529936,338369,296029,785067,0,0,5403838,148,0년 103개월,36512,42159,31134
92,2023,속초시시설관리공단,6156582,1625910,3009582,1730606,137521,174182,0,12834383,222,0년 113개월,57813,58501,49591
93,2023,연천군시설관리공단,3802283,1003533,1519451,135107,396409,504521,0,7361304,155,0년 49개월,47492,52361,38662
94,2023,가평군시설관리공단,4382338,340560,366122,682250,500150,416895,0,6688315,138,0년 83개월,48466,48838,40503
95,2023,의정부시시설관리공단(폐지),12221301,2072668,1194394,1933670,653814,759678,0,18835525,360,0년 126개월,52321,54629,42755
96,2023,오산시시설관리공단(폐지),4251943,984657,367441,747530,942152,0,0,7293723,151,0년 106개월,48303,51040,43556
97,2023,안성시시설관리공단,8405130,2530301,1142147,1364125,730488,913756,0,15085947,281,0년 126개월,53687,56395,40858
98,2023,시흥도시공사,10506421,2526863,1850146,1970611,2017020,1001277,0,19872338,403,0년 81개월,49311,51762,43792
99,2023,부천도시공사,10935998,2447740,2057301,2168243,2340944,1344704,0,21294930,368,0년 144개월,57867,58536,50449
100,2023,수원도시공사,16569820,2964598,3182079,4432219,1219866,1485333,0,29853915,614,0년 135개월,48622,51440,44138
101,2023,울산시설공단,13617733,1448121,1226115,2483204,2355363,1195730,0,22326266,391,0년 148개월,57100,61490,47002
102,2023,대전광역시시설관리공단,18122364,2499678,2510529,2677279,1335361,1645947,0,28791158,535,0년 125개월,53815,56768,45318
103,2023,인천광역시서구시설관리공단,13046000,1716874,854682,1585483,1416991,1143630,0,19763660,422.75,0년 91개월,46750,49999,43535
104,2023,인천광역시계양구시설관리공단,2544257,370708,77652,244570,259645,0,0,3496832,85,0년 103개월,41139,33606,16548
105,2023,인천광역시부평구시설관리공단,7280032,939212,1776986,1888963,893549,652220,0,13430962,267,0년 81개월,50303,53515,44089
106,2023,남동구도시관리공단,4690907,968892,488686,1201775,381092,429405,0,8160757,185,0년 122개월,44112,48021,39177
107,2023,인천광역시미추홀구시설관리공단,5476781,1175712,1172394,277332,559316,576079,0,9237614,214.16999999999999,0년 99개월,43132,45174,40178
108,2023,인천시설공단,41391000,167039,2076103,5004274,1813104,3195142,0,53646662,1048,0년 98개월,51190,54852,45007
109,2023,부산시설공단,49588926,2005955,5370741,4726147,5102819,2125040,0,68919628,1382,0년 114개월,49869,54386,41160
110,2023,중랑구시설관리공단,4252194,880381,286177,390256,776057,0,0,6585065,143,0년 118개월,46049,47401,43681
111,2023,종로구시설관리공단,2627522,605068,180960,389421,186739,170426,0,4160136,85,0년 168개월,48943,51903,44912
112,2023,용산구시설관리공단,6166927,1476649,1898953,1568516,519456,514102,0,12144603,270,0년 90개월,44980,45415,43647
113,2023,영등포구시설관리공단,7107352,347921,590028,1413691,890328,0,0,10349320,257,0년 107개월,40270,43383,37547
114,2023,양천구시설관리공단,5259694,410066,469343,1194905,368415,238265,0,7940688,199,0년 114개월,39903,41455,37444
115,2023,송파구시설관리공단,4771557,646327,191191,950740,507976,339237,0,7407028,163,0년 121개월,45442,48425,42108
116,2023,성북구도시관리공단,7981549,1391296,504551,1419505,679007,522151,0,12498059,270,0년 121개월,46289,49047,42626
117,2023,성동구도시관리공단,7422081,423097,470309,828684,1175155,593142,0,10912468,248,0년 82개월,44002,46241,40269
118,2023,서대문구도시관리공단,4704638,856076,275239,652327,982183,0,0,7470463,159,0년 108개월,46984,51350,43182
119,2023,마포구시설관리공단,6145197,1261668,485730,974612,655682,321275,0,9844164,224,0년 136개월,43947,45242,40563
120,2023,동작구시설관리공단,4581158,263555,429169,775918,704791,365194,0,7119785,141,0년 121개월,50495,54774,39689
121,2023,동대문구시설관리공단,6244433,332020,195668,1006343,483750,330998,0,8593212,203,0년 98개월,42331,45125,38450
122,2023,도봉구시설관리공단,4792828,1198887,374072,1152369,501369,452205,0,8471730,190,0년 117개월,44588,47762,42394
123,2023,금천구시설관리공단,3398392,48233,378412,513168,260379,258655,0,4857239,101.75,0년 135개월,47737,49360,44509
124,2023,구로구시설관리공단,3026232,561821,444797,381144,601293,0,0,5015287,109,0년 133개월,46012,50193,41790
125,2023,광진구시설관리공단,7752928,412075,322291,1478061,857795,388748,0,11211898,238,0년 103개월,47109,49409,43255
126,2023,강서구시설관리공단,5148325,1846737,251715,597443,255641,230749,0,8330610,178,0년 139개월,46801,49586,43063
127,2023,강북구도시관리공단,6557474,651686,361582,121076,457167,527509,0,8676494,186,0년 147개월,46648,48722,42962
128,2023,강동구도시관리공단,5491407,14400,973327,918915,668325,0,0,8066374,181.66999999999999,0년 102개월,44401,46717,40985
129,2023,강남구도시관리공단,10071829,846945,756566,2363727,1909461,0,0,15948528,354,0년 96개월,45052,47528,40223
130,2023,서울시설공단,140308416,24504181,7590905,4927592,17119702,12001762,6808,206459366,3668,0년 111개월,56287,56943,53837
131,2023,창녕군시설관리공단,3746975,821349,327581,731074,318293,376555,0,6321827,134.31999999999999,0년 111개월,47065,49601,39009
132,2023,청도공영사업공사,792466,98784,123726,111347,0,0,0,1126323,20,0년 116개월,56316,50825,51020
133,2023,하남도시공사,5602281,158069,319276,191785,274440,395523,0,6941374,167,0년 84개월,41565,45336,30536
134,2023,용인도시공사,13288120,1277719,2213024,2172948,2205125,1189877,0,22346813,434,0년 104개월,51490,54300,42842
135,2023,경기평택항만공사,2229919,82203,121520,182285,128308,128308,0,2872543,59,0년 64개월,48687,49565,46908
136,2023,광주도시관리공사,13016375,831482,1818530,663791,1797971,950769,0,19078918,411,0년 105개월,46421,49745,35512
137,2023,경기관광공사,4708605,93702,265193,611626,283757,347782,0,6310665,106,0년 114개월,59535,65100,51989
138,2023,구리농수산물공사,3084573,339645,238875,214669,859078,0,0,4736840,67.079999999999998,0년 174개월,70615,70068,57595
139,2023,광주광역시 관광공사,4062148,127204,719047,348344,208492,284480,0,5749715,121,0년 99개월,47518,53567,40497
140,2023,서울특별시농수산식품공사,18255066,695452,1165098,174454,2992256,1526661,0,24808987,344.57999999999998,0년 174개월,71998,76134,57519
141,2023,제주특별자치도개발공사,40906453,253686,1379975,3600443,4503845,3192945,0,53837347,916,0년 103개월,58774,60377,51479
142,2023,경남개발공사,4654075,245094,148712,431515,388958,388958,0,6257312,91.489999999999995,0년 167개월,68393,73406,47551
143,2023,경상북도개발공사,6881458,67333,328294,235074,984473,520115,119548,9136295,141,0년 122개월,64796,73341,45571
144,2023,전남개발공사,5146100,967513,810163,550821,469304,521690,0,8465591,124,0년 124개월,68271,69552,50959
145,2023,전북개발공사,3705577,384001,219931,200282,277070,288163,0,5075024,88,0년 138개월,57671,61542,43597
146,2023,충북개발공사,3718813,38313,313571,424303,472775,274794,0,5242569,92,0년 103개월,56984,61399,41088
147,2023,강원개발공사,6096443,122767,245393,116969,459257,459489,0,7500318,123,0년 119개월,60978,62540,52934
148,2023,경기주택도시공사,38873067,808400,2066080,905382,3917959,2924384,0,49495272,775,0년 120개월,63865,69105,49197
149,2023,대전도시공사,20383214,1421391,1676575,2896700,1017818,1272468,172749,28840915,476,0년 153개월,60590,63424,45188
150,2023,광주광역시도시공사,14676299,177998,1538283,861095,1631013,1078772,0,19963460,285,0년 172개월,70047,69727,63355
151,2023,인천도시공사,23002957,405670,1126391,2268722,2553013,1801244,0,31157997,418.19999999999999,0년 132개월,74505,79025,60788
152,2023,대구도시개발공사,10249102,780072,1128449,628795,763558,763534,0,14313510,218,0년 154개월,65658,71883,49264
153,2023,부산도시공사,18172462,742386,476273,474734,2400206,866797,293071,23425929,362,0년 116개월,64713,67995,56112
154,2023,서울주택도시개발공사,64348452,907940,7343372,3223800,7677240,5376478,0,88877282,1384,0년 144개월,64218,68889,56665
155,2023,대전교통공사,39197854,1929798,4802106,2649729,2618461,2095417,0,53293365,895,0년 130개월,59546,64121,40026
156,2023,광주교통공사,29367498,2660503,12777123,1994127,4698247,2340135,0,53837633,902,0년 153개월,59687,64567,42664
157,2023,인천교통공사,114151697,9452457,10297820,11181223,15055724,9339875,10000,169488796,2761,0년 116개월,61387,64880,47468
158,2023,대구교통공사,126415878,998449,42577976,7424566,10880839,11082013,11200,199390921,2918,0년 182개월,68331,69816,53090
159,2023,부산교통공사,231279059,31922218,52885684,16163564,16346428,20434393,0,369031346,4823,0년 172개월,76515,78562,61418
1,2024,문경관광공사,2711364,469653,413630,324709,159175,103873,0,4182404,98,0년 93개월,42678,45528,38147
2,2024,완도해양치유관리공단,986775,239185,35618,80732,0,0,0,1342310,34.490000000000002,0년 5개월,38919,42168,35118
3,2024,완주군시설관리공단,79279,9444,8062,3312,0,0,0,100097,23,0년 1개월,4352,4529,4120
4,2024,오산도시공사,4659676,794997,524957,759920,866689,0,0,7606239,155,0년 114개월,49073,53343,43069
5,2024,의정부도시공사,13046771,2222700,1308370,2199213,382729,939485,0,20099268,370,0년 124개월,54322,56035,45015
6,2024,진주시시설관리공단,294022,50988,40460,65670,0,0,0,451140,21,0년 5개월,21483,21456,0
7,2024,동두천시시설관리공단,604082,175337,25664,154735,0,0,0,959818,24,0년 4개월,39992,44192,34148
8,2024,대구농수산물유통관리공사,585636,81536,116826,106224,0,0,0,890222,49,0년 3개월,18168,19132,16196
9,2024,여주도시공사,4253413,911845,533482,635452,172683,170112,0,6676987,141.58000000000001,0년 75개월,47161,49233,40424
10,2024,구미도시공사,12369794,1692596,1552086,2264817,2187494,1067018,0,21133805,348,0년 135개월,60729,63238,52039
11,2024,태백시시설관리공단,57442,6338,0,0,0,0,0,63780,44,0년 9개월,1450,33844,29127
12,2024,천안도시공사,10235020,1855587,1289853,1945543,762487,762487,0,16850977,339.64999999999998,0년 75개월,49613,52156,44737
13,2024,익산시도시관리공단,1347384,291048,95946,285623,0,0,0,2020001,48.549999999999997,0년 13개월,41607,43265,38971
14,2024,부산광역시남구시설관리공단,609625,134632,82019,68439,21072,44292,0,960079,29,0년 0개월,33106,29023,36539
15,2024,양주도시공사,6413270,1750343,1159738,1409206,1280611,662842,0,12676010,217.58000000000001,0년 103개월,58259,61232,47748
16,2024,합천군시설관리공단,2319580,561162,194726,200284,182879,195413,0,3654044,88,0년 0개월,41523,44124,29976
17,2024,단양관광공사,1974387,448093,546282,238168,267661,0,0,3474591,63.5,0년 113개월,54718,57708,45043
18,2024,전남광주통합특별시 서구시설관리공단,5647814,1193904,3904739,1618283,23963,0,121695,12510398,230,0년 28개월,54393,56556,30695
19,2024,전남광주통합특별시북구시설관리공단,5914382,1280638,3642141,1952727,84027,84027,14400,12972342,220,0년 15개월,58965,61177,39098
20,2024,김천시시설관리공단,1741212,331859,476787,431794,143850,143850,0,3269352,66.379999999999996,0년 25개월,49252,51813,43066
21,2024,평창군시설관리공단,920611,41342,337917,179879,0,69801,0,1549550,32.490000000000002,0년 75개월,47693,46839,35921
22,2024,서울물재생시설공단,17802336,1004730,1749378,1044050,1397421,1379683,0,24377598,375,0년 43개월,65007,67803,48022
23,2024,경기교통공사,3334392,130158,118959,313237,136562,171253,0,4204561,88,0년 25개월,47779,54567,38846
24,2024,원주시시설관리공단,9000068,1904443,1157312,1168936,881533,885157,0,14997449,273.32999999999998,0년 45개월,54869,56124,41601
25,2024,김포도시공사,12254337,2546752,1749829,2648568,1325845,1072482,0,21597813,362.5,0년 119개월,59580,63663,50463
26,2024,파주도시공사,6578977,1380447,1185110,1007335,500876,625574,0,11278319,227,0년 113개월,49684,54607,37962
27,2024,영천시시설관리공단,432421,97544,77277,66369,35917,35917,0,745445,14.42,0년 49개월,51695,56223,41194
28,2024,과천도시공사,7844981,1640523,987906,1222463,1076878,719301,0,13492052,229,0년 116개월,58917,64547,49554
29,2024,울산광역시북구시설관리공단,897867,336607,66360,237204,149525,0,0,1687563,34,0년 42개월,49634,60640,42510
30,2024,포천도시공사,4123809,964399,589327,428450,268089,312207,0,6686281,136.33000000000001,0년 80개월,49045,50990,44557
31,2024,안양도시공사,9554966,1893262,2226887,2884334,1358572,756561,0,18674582,336.24000000000001,0년 108개월,55539,57258,50252
32,2024,세종도시교통공사,15828381,550200,1079304,4035000,1026356,1026356,0,23545597,495.10000000000002,0년 48개월,47557,52847,42396
33,2024,사천시시설관리공단,4459095,782196,618197,734852,163662,185767,0,6943769,134,0년 43개월,51819,53617,42037
34,2024,경주시시설관리공단,1548065,446814,271470,370256,300641,143804,0,3081050,61,0년 54개월,50509,54173,42996
35,2024,인천광역시연수구시설안전관리공단,5211752,840886,497933,901715,416383,499817,0,8368486,183.5,0년 66개월,45605,48606,40163
36,2024,서울교통공사,851885100,8691575,155892823,70183660,67505764,77386775,60650,1231606347,16574,0년 215개월,74310,76308,60712
37,2024,서울에너지공사,10335015,737468,5397522,1474752,986625,1172216,0,20103598,261,0년 136개월,77025,79796,67742
38,2024,충주시시설관리공단,6131021,544467,1391641,841288,1063623,0,0,9972040,234,0년 61개월,42616,46576,37488
39,2024,세종특별자치시시설관리공단,9035901,2304889,1193601,2144232,773839,773967,0,16226429,316.39999999999998,0년 52개월,51285,52532,41468
40,2024,밀양시시설관리공단,5079238,758621,239942,697637,419067,326245,0,7520750,191,0년 40개월,39376,41298,34496
41,2024,인천관광공사,6863309,72201,203271,725105,923115,488136,0,9275137,142,0년 67개월,65318,76784,60044
42,2024,광명도시공사,7327729,1225542,395850,1152203,371013,419325,0,10891662,236,0년 72개월,46151,50870,40247
43,2024,아산시시설관리공단,9469804,2157652,1631966,1786917,1706866,840695,0,17593900,338,0년 53개월,52053,57292,42985
44,2024,장수한우지방공사,571414,54630,87096,22989,0,0,0,736129,14.5,0년 122개월,50768,52309,37407
45,2024,광주광역시광산구시설관리공단,6815667,1570511,2832069,2554358,75754,139293,1307195,15294847,231,0년 69개월,66211,66540,40174
46,2024,대구광역시달성군시설관리공단,6727282,1403608,621334,761516,999948,562566,0,11076254,229.75,0년 79개월,48210,51760,42569
47,2024,김해시도시개발공사,12092979,2519795,1774370,1425820,1172795,894629,0,19880388,357,0년 108개월,55687,59486,44416
48,2024,성남도시개발공사,27781719,4863019,7010732,5895411,2501414,3039856,0,51092151,912,0년 125개월,56022,58116,51366
49,2024,부여군시설관리공단,2201293,455360,236610,144471,169761,127625,0,3335120,69,0년 90개월,48335,51968,42009
50,2024,울산광역시중구도시관리공단,965098,147382,114269,180187,74774,85845,0,1567555,31.300000000000001,0년 64개월,50082,54249,43983
51,2024,이천시시설관리공단,2371328,468326,175780,344617,255671,255671,0,3871393,80.299999999999997,0년 64개월,48212,48899,45795
52,2024,부산관광공사,4944999,214739,365908,88123,477193,309719,0,6400681,110.84,0년 108개월,57747,60837,54164
53,2024,구리도시공사,4424134,0,208118,539020,322015,211879,0,5705166,147,0년 37개월,38811,42525,30113
54,2024,경상북도문화관광공사,9910258,117407,592064,666513,854392,747552,0,12888186,237,0년 154개월,54381,61595,43595
55,2024,제주에너지공사,2518799,58767,139944,45861,141036,178697,0,3083104,54.25,0년 95개월,56831,59872,42037
56,2024,거제해양관광개발공사,9029625,1601172,813810,1189364,751015,725437,0,14110423,258,0년 116개월,54692,58931,48708
57,2024,대전관광공사,7366415,407104,865883,1177688,838677,598846,0,11254613,214,0년 104개월,52592,54239,48042
58,2024,영월군시설관리공단,2192785,76543,1120131,350556,245872,245872,0,4231759,85,0년 71개월,49785,52125,44170
59,2024,의왕도시공사,7240910,1373439,278537,1599434,428278,565272,0,11485870,222.08000000000001,0년 90개월,51720,54034,47457
60,2024,고양도시관리공사,12103451,2642106,3251949,3051801,1970139,1316937,0,24336383,376,0년 131개월,64724,67506,54310
61,2024,포항시시설관리공단,8243294,1369177,1050653,1820550,400747,500119,0,13384540,341,0년 65개월,39251,45850,34192
62,2024,춘천도시공사,11149600,2878700,3233245,2963651,2354296,0,0,22579492,360,0년 84개월,62721,61373,52980
63,2024,강릉관광개발공사,2605236,346270,515191,482194,317095,194822,0,4460808,94.75,0년 74개월,47080,49016,42075
64,2024,보령시시설관리공단,3571368,683966,981122,656739,232906,291132,0,6417233,100,0년 96개월,64172,64940,50788
65,2024,당진도시공사,332509,30314,9685,0,0,0,0,372508,9,0년 133개월,41390,42712,36760
66,2024,인천광역시제물포구시설관리공단,4733705,650799,1228839,710099,665152,512059,0,8500653,170.15000000000001,0년 74개월,49960,52066,46546
67,2024,여수시도시관리공단,10595038,2567802,5994245,5821672,482173,362838,0,25823768,451.67000000000002,0년 86개월,57174,62465,42031
68,2024,양산시시설관리공단,8188060,1438681,434741,984336,618604,50575,0,11714997,266.04000000000002,0년 81개월,44035,48404,35122
69,2024,부산광역시기장군도시관리공단,6249792,1038964,390925,529160,795304,534212,0,9538357,202,0년 89개월,47220,50655,42857
70,2024,함안지방공사,3613939,988615,247732,322302,386336,257557,0,5816481,125,0년 99개월,46532,47825,41356
71,2024,안산도시공사,16574687,39000,609420,2028323,2319148,1200194,0,22770772,461,0년 110개월,49394,53950,43313
72,2024,제주관광공사,6397828,75723,175161,102953,404381,499530,0,7655576,140.49000000000001,0년 125개월,54492,60689,47146
73,2024,울주군시설관리공단,5476883,1823639,1044171,1447040,543529,543529,0,10878791,210.75,0년 117개월,51619,55350,45775
74,2024,양평공사,6819024,187033,1063292,510171,462877,502905,0,9545302,189,0년 82개월,50504,52280,44094
75,2024,평택도시공사,6579678,978472,798179,1415273,1144657,0,188586,11104845,238,0년 58개월,46659,52565,42060
76,2024,강화군시설관리공단,3637328,763961,517039,176290,132421,366995,0,5594034,126.84,0년 92개월,44103,47954,38099
77,2024,군포도시공사,6928046,1357517,1400601,1444544,1036274,687541,0,12854523,241.41,0년 80개월,53248,58447,46001
78,2024,전주시시설관리공단,11952967,2262501,1898797,3093482,1602172,1067624,0,21877543,434,0년 83개월,50409,51894,44908
79,2024,화성도시공사,20307760,3966247,3530439,5843537,2812107,1890019,0,38350109,850,0년 62개월,45118,47912,36429
80,2024,울산광역시남구도시관리공단,3599941,814140,867799,875460,341409,0,0,6498749,126,0년 90개월,51577,54954,45704
81,2024,노원구시설관리공단,5995699,589107,335036,536259,688871,0,0,8144972,163.05000000000001,0년 125개월,49954,54482,44879
82,2024,남양주도시공사,10310803,2649693,4199728,2919133,1047028,1163364,0,22289749,370,0년 90개월,60243,62114,56571
83,2024,중구시설관리공단,8428214,1863911,733499,1454671,1118561,763929,0,14362785,281.17000000000002,0년 91개월,51082,54602,44678
84,2024,통영관광개발공사,3394850,57041,838647,560344,396325,0,0,5247207,110,0년 97개월,47702,52266,40559
85,2024,영양고추유통공사,1172173,140505,256560,180465,0,89171,0,1838874,30.84,0년 146개월,59626,68341,40284
86,2024,울산광역시도시공사,2697783,19097,73042,260270,210034,212214,0,3472440,53,0년 133개월,65518,72124,45038
87,2024,관악구시설관리공단,4745923,1023866,320202,980250,383352,439740,0,7893333,164.44999999999999,0년 85개월,47998,48783,46038
88,2024,안동시시설관리공단,6792325,1785989,1603350,1647872,500466,688700,0,13018702,239.05000000000001,0년 124개월,54460,55372,49380
89,2024,인천환경공단,30911622,165358,846078,3639157,2041966,2391148,0,39995329,607,0년 116개월,65890,70698,48586
90,2024,은평구시설관리공단,4071444,939106,935019,481851,293005,129429,0,6849854,166.59999999999999,0년 84개월,41116,43015,37974
91,2024,충청남도개발공사,4737558,141600,279645,461718,326168,345936,96678,6389303,113.41,0년 95개월,56338,60346,39316
92,2024,창원레포츠파크,6012559,1151436,1210839,903475,575460,319518,0,10173287,235,0년 183개월,43291,55405,29285
93,2024,광주환경공단,10714150,2165531,3622388,1403828,1058225,1242206,0,20206328,299,0년 158개월,67580,70127,55546
94,2024,대구공공시설관리공단,58577950,804062,4033829,6802737,6853471,4499796,0,81571845,1418.2000000000001,0년 108개월,57518,54523,46888
95,2024,부산환경공단,30850651,6795745,1996897,3398964,5354092,2988537,0,51384886,782,0년 125개월,65710,64078,53835
96,2024,창원시설공단,21966594,5190583,3160504,5408566,4355096,0,0,40081343,712,0년 133개월,56294,58456,52125
97,2024,청주시시설관리공단,10022272,3462376,498419,1241283,1265971,1256690,0,17747011,340.48000000000002,0년 83개월,52124,54108,43780
98,2024,정선군시설관리공단,4394391,751681,1066395,465068,310109,388013,0,7375657,150.08000000000001,0년 98개월,49145,52366,41560
99,2024,동해시시설관리공단,3708259,608250,368076,348036,667757,0,0,5700378,156,0년 98개월,36541,42558,30365
100,2024,속초시시설관리공단,6246859,1605633,2929025,1731117,159394,194431,0,12866459,235,0년 115개월,54751,61057,41810
101,2024,연천군시설관리공단,3874884,1015921,1584219,164348,615581,438862,0,7693815,152.33000000000001,0년 69개월,50508,54769,44125
102,2024,가평군시설관리공단,4942004,363329,211533,789951,297932,297932,0,6902681,158,0년 79개월,43688,45972,35706
103,2024,안성시시설관리공단,9414601,2677410,959878,1482723,464588,950882,0,15950082,290,0년 115개월,55000,58033,46694
104,2024,시흥도시공사,11684767,2620558,1975569,2032128,2323771,1199743,0,21836536,414.16000000000003,0년 85개월,52725,54096,47905
105,2024,부천도시공사,11240952,2466529,2100479,2230120,1774544,1114546,0,20927170,356,0년 147개월,58784,54574,49730
106,2024,수원도시공사,17031310,2966526,3164060,4304204,2040188,1518646,0,31024934,566,0년 135개월,54814,54344,47127
107,2024,울산시설공단,13871978,1447265,1258692,2209635,1217021,1197473,0,21202064,373.38999999999999,0년 154개월,56783,62317,44602
108,2024,대전광역시시설관리공단,18876214,2125689,2205796,2363907,1481382,1628116,0,28681104,488.82999999999998,0년 130개월,58673,62381,48703
109,2024,인천광역시서구시설관리공단,14059866,1854825,942852,1751619,1534941,1189639,0,21333742,444.92000000000002,0년 96개월,47950,52453,45622
110,2024,인천광역시계양구시설관리공단,2666928,698538,49948,242545,353282,0,0,4011241,97,0년 99개월,41353,42780,39162
111,2024,인천광역시부평구시설관리공단,7503869,954523,1941163,1960799,1052848,762674,0,14175876,265,0년 94개월,53494,55597,48799
112,2024,남동구도시관리공단,5218599,1119831,382846,869557,449106,238739,0,8278678,184,0년 121개월,44993,52310,39605
113,2024,인천광역시미추홀구시설관리공단,6152376,1213892,580512,347653,512248,512248,0,9318929,205.83000000000001,0년 118개월,45275,49763,38530
114,2024,인천시설공단,42539516,169292,1972762,5023055,3944397,3232635,0,56881657,1036,0년 100개월,54905,58431,48790
115,2024,부산시설공단,51389452,2095414,5389660,4830447,6763330,2243498,0,72711801,1372,0년 84개월,52997,57498,44128
116,2024,중랑구시설관리공단,4443759,932507,299048,411932,1189456,0,0,7276702,126.75,0년 123개월,57410,52972,52079
117,2024,종로구시설관리공단,2665728,626549,191368,403195,182028,163279,0,4232147,84,0년 171개월,50383,52776,46288
118,2024,용산구시설관리공단,6177364,1455247,1951898,1564304,799365,539565,0,12487743,266,0년 94개월,46946,47513,45855
119,2024,영등포구시설관리공단,6944641,561326,621338,1363421,799125,0,0,10289851,255,0년 107개월,40352,42903,37746
120,2024,양천구시설관리공단,5420901,413388,443651,1208479,374706,241652,0,8102777,173.44,0년 111개월,46718,48383,44614
121,2024,송파구시설관리공단,5683082,766659,215286,1133224,540006,359929,0,8698186,164.28,0년 117개월,52947,53193,47503
122,2024,성북구도시관리공단,7961286,1467530,531108,1508937,656814,525409,0,12651084,279,0년 25개월,45344,48274,41818
123,2024,성동구도시관리공단,7768953,449410,412466,1074874,1197705,598996,0,11502404,250.59999999999999,0년 80개월,45899,48530,41431
124,2024,서대문구도시관리공단,4564204,804784,274543,639010,1206325,0,0,7488866,153,0년 112개월,48947,52156,46225
125,2024,마포구시설관리공단,6215160,1217894,501931,920516,626691,256748,0,9738940,214.66,0년 129개월,45369,46922,41072
126,2024,동작구시설관리공단,5138322,298006,473073,931633,574377,383498,0,7798909,149.59999999999999,0년 116개월,52132,55162,44810
127,2024,동대문구시설관리공단,6498078,333286,200118,1046580,754123,410346,0,9242531,203,0년 119개월,45530,48155,41779
128,2024,도봉구시설관리공단,5612348,1369159,1240751,780638,481182,483369,0,9967447,179.33000000000001,0년 119개월,55582,58239,50639
129,2024,금천구시설관리공단,3573424,42763,371140,520401,276454,277454,0,5061636,103.33,0년 136개월,48985,50793,45679
130,2024,구로구시설관리공단,3090895,730939,263865,399701,609060,0,0,5094460,104.67,0년 136개월,48672,52239,42525
131,2024,광진구시설관리공단,8094822,441583,352761,1656404,655043,353979,0,11554592,238.53999999999999,0년 107개월,48439,51267,43656
132,2024,강서구시설관리공단,5150242,1831517,262580,623410,293715,248643,0,8410107,171.63999999999999,0년 134개월,48999,51974,45002
133,2024,강북구도시관리공단,6453731,638788,371304,71297,169730,514776,0,8219626,174,0년 147개월,47239,49820,43116
134,2024,강동구도시관리공단,5444817,12992,963849,951774,708676,0,0,8082108,172.5,0년 101개월,46853,49241,43550
135,2024,강남구도시관리공단,9943743,964255,757082,2323488,1800402,0,0,15788970,301.85000000000002,0년 107개월,52307,54309,48408
136,2024,서울시설공단,145013277,24621038,7464317,5183617,14835508,9444031,19000,206580788,3613.5900000000002,0년 115개월,57168,57660,55313
137,2024,창녕군시설관리공단,4629365,986768,421046,991011,180312,363584,0,7572086,165.56999999999999,0년 68개월,45733,48909,36703
138,2024,청도공영사업공사,899873,140752,109463,116687,25614,202578,0,1494967,22,0년 98개월,67953,61852,37175
139,2024,하남도시공사,6450966,298261,231758,223772,460746,454379,112044,8231926,134.46000000000001,0년 94개월,61222,56201,46496
140,2024,용인도시공사,14466363,1433511,2455164,2397643,2001975,1326883,0,24081539,470.56999999999999,0년 103개월,51175,53229,44572
141,2024,경기평택항만공사,2427520,88575,151842,190962,136378,136378,0,3131655,62.079999999999998,0년 67개월,50445,51825,47997
142,2024,광주도시관리공사,15500221,952026,1230771,782571,1646800,1179680,0,21292069,429.60000000000002,0년 103개월,49563,51490,42784
143,2024,경기관광공사,5006207,129358,312795,755068,323280,336762,0,6863470,110,0년 120개월,62395,65924,57484
144,2024,구리농수산물공사,3324581,380730,214487,209603,377607,266760,0,4773768,68.579999999999998,0년 192개월,69609,66139,64957
145,2024,광주광역시 관광공사,4546362,142927,661126,340677,277437,304311,0,6272840,120,0년 109개월,52274,56412,47849
146,2024,서울특별시농수산식품공사,18997599,1126754,1199618,231561,3043258,1552683,164692,26316165,353.57999999999998,0년 172개월,74428,79283,58321
147,2024,제주특별자치도개발공사,42227160,252818,1386066,3824800,4576015,3263740,827907,56358506,907,0년 111개월,62137,64037,53467
148,2024,경남개발공사,5088207,250511,144424,406578,154056,379451,0,6423227,96,0년 209개월,66909,56713,37523
149,2024,경상북도개발공사,7209105,75255,338936,260359,795751,552811,0,9232217,139,0년 130개월,66419,76348,43485
150,2024,전남개발공사,5367015,1008601,842694,569727,1039290,518980,0,9346307,125.58,0년 129개월,74425,76930,56910
151,2024,전북개발공사,3975540,442301,230851,210559,283494,298449,0,5441194,95,0년 126개월,57276,58842,43203
152,2024,충북개발공사,4035826,41868,314648,388131,569307,316436,0,5666216,94.090000000000003,0년 107개월,60221,65102,44634
153,2024,강원개발공사,6193557,133507,240176,150925,248851,477277,0,7444293,118,0년 122개월,63087,64025,57509
154,2024,경기주택도시공사,39157795,824091,2065690,878965,3048844,3007566,0,48982951,775,0년 124개월,63204,71983,54812
155,2024,대전도시공사,21447013,1476092,1584794,3131922,1832469,1308610,558474,31339374,478,0년 147개월,65564,68100,52205
156,2024,광주광역시도시공사,15326040,171800,1483002,910007,1557878,1038069,0,20486796,298,0년 155개월,68748,69787,65816
157,2024,인천도시공사,24232928,452021,1119648,2097285,1811168,1846533,0,31559583,423.80000000000001,0년 139개월,74468,78271,62654
158,2024,대구도시개발공사,10975265,568468,1029740,608834,780666,785735,148870,14897578,216,0년 155개월,68970,74546,54132
159,2024,부산도시공사,18153639,778502,664846,691736,2669560,926419,309703,24194405,348.33999999999998,0년 117개월,69456,72711,60537
160,2024,서울주택도시개발공사,67380405,952167,8630374,3449039,7582117,5470492,0,93464594,1397,0년 144개월,66904,71214,60018
161,2024,대전교통공사,42313545,2227307,5053525,2897462,2524611,3047830,0,58064280,963,0년 134개월,60295,65260,40989
162,2024,광주교통공사,36324933,1959392,5940380,2403844,2708172,2979318,0,52316039,887,0년 162개월,58981,63172,43590
163,2024,인천교통공사,120074544,9903630,11220605,11900969,11553992,9671098,12500,174337338,2755,0년 117개월,63280,66622,50296
164,2024,대구교통공사,133148619,948031,41584435,7753026,22590409,11580149,28800,217633469,2927.3499999999999,0년 188개월,74345,75861,59010
165,2024,부산교통공사,238361149,32349563,54109803,17451350,16792011,20990911,12000,380066787,4808.7299999999996,0년 180개월,79037,81069,64613
